season,week,date,away_team,home_team,elo_diff_pre_game,p_home,predicted_winner,model_probability,actual_home_score,actual_away_score,actual_winner,correct
2016,1,2016-09-09,CAR,DEN,50.8,0.621,DEN,0.621,21,20,DEN,1
2016,1,2016-09-11,TB,ATL,160.29,0.7548,ATL,0.7548,24,31,TB,0
2016,1,2016-09-11,BUF,BAL,51.26,0.6216,BAL,0.6216,13,7,BAL,1
2016,1,2016-09-11,CHI,HOU,78.36,0.6576,HOU,0.6576,23,14,HOU,1
2016,1,2016-09-11,GB,JAX,-363.66,0.131,GB,0.869,23,27,GB,1
2016,1,2016-09-11,LAC,KC,107.81,0.6947,KC,0.6947,33,27,KC,1
2016,1,2016-09-11,LV,NO,201.3,0.7958,NO,0.7958,34,35,LV,0
2016,1,2016-09-11,CIN,NYJ,-186.02,0.2954,CIN,0.7046,22,23,CIN,1
2016,1,2016-09-11,CLE,PHI,184.32,0.7795,PHI,0.7795,29,10,PHI,1
2016,1,2016-09-11,MIN,TEN,-233.82,0.2415,MIN,0.7585,16,25,MIN,1
2016,1,2016-09-11,MIA,SEA,272.82,0.8547,SEA,0.8547,12,10,SEA,1
2016,1,2016-09-11,NYG,DAL,35.53,0.6001,DAL,0.6001,19,20,NYG,0
2016,1,2016-09-11,DET,IND,32.69,0.5962,IND,0.5962,35,39,DET,0
2016,1,2016-09-12,NE,ARI,-168.83,0.3164,NE,0.6836,21,23,NE,1
2016,1,2016-09-12,PIT,WAS,-266.5,0.2087,PIT,0.7913,16,38,PIT,1
2016,1,2016-09-13,LAR,SF,82.29,0.6627,SF,0.6627,28,0,SF,1
2016,2,2016-09-16,NYJ,BUF,35.13,0.5996,BUF,0.5996,31,37,NYJ,0
2016,2,2016-09-18,TB,ARI,272.42,0.8544,ARI,0.8544,40,7,ARI,1
2016,2,2016-09-18,SF,CAR,146.12,0.7394,CAR,0.7394,46,27,CAR,1
2016,2,2016-09-18,BAL,CLE,-239.52,0.2355,BAL,0.7645,20,25,BAL,1
2016,2,2016-09-18,TEN,DET,192.55,0.7875,DET,0.7875,15,16,TEN,0
2016,2,2016-09-18,KC,HOU,-71.87,0.4471,KC,0.5529,19,12,HOU,0
2016,2,2016-09-18,MIA,NE,349.96,0.9017,NE,0.9017,31,24,NE,1
2016,2,2016-09-18,NO,NYG,-30.41,0.5066,NYG,0.5066,16,13,NYG,1
2016,2,2016-09-18,CIN,PIT,28.7,0.5907,PIT,0.5907,24,16,PIT,1
2016,2,2016-09-18,DAL,WAS,-99.55,0.4082,DAL,0.5918,23,27,DAL,1
2016,2,2016-09-18,SEA,LAR,-340.9,0.1467,SEA,0.8533,9,3,LAR,0
2016,2,2016-09-18,IND,DEN,176.11,0.7712,DEN,0.7712,34,20,DEN,1
2016,2,2016-09-18,ATL,LV,-172.91,0.3113,ATL,0.6887,28,35,ATL,1
2016,2,2016-09-18,JAX,LAC,187.0,0.7821,LAC,0.7821,38,14,LAC,1
2016,2,2016-09-19,GB,MIN,-108.7,0.3955,GB,0.6045,17,14,MIN,0
2016,2,2016-09-20,PHI,CHI,-86.38,0.4266,PHI,0.5734,14,29,PHI,1
2016,3,2016-09-23,HOU,NE,268.69,0.8517,NE,0.8517,27,0,NE,1
2016,3,2016-09-25,ARI,BUF,-139.43,0.3541,ARI,0.6459,33,18,BUF,0
2016,3,2016-09-25,MIN,CAR,89.38,0.6717,CAR,0.6717,10,22,MIN,0
2016,3,2016-09-25,DEN,CIN,-51.29,0.4766,DEN,0.5234,17,29,DEN,1
2016,3,2016-09-25,DET,GB,157.09,0.7513,GB,0.7513,34,27,GB,1
2016,3,2016-09-25,BAL,JAX,-280.3,0.1959,BAL,0.8041,17,19,BAL,1
2016,3,2016-09-25,CLE,MIA,128.46,0.7193,MIA,0.7193,30,24,MIA,1
2016,3,2016-09-25,WAS,NYG,83.6,0.6644,NYG,0.6644,27,29,WAS,0
2016,3,2016-09-25,LV,TEN,-0.75,0.5491,TEN,0.5491,10,17,LV,0
2016,3,2016-09-25,SF,SEA,229.55,0.821,SEA,0.821,37,18,SEA,1
2016,3,2016-09-25,LAR,TB,-47.06,0.4826,LAR,0.5174,32,37,LAR,1
2016,3,2016-09-25,LAC,IND,27.65,0.5892,IND,0.5892,26,22,IND,1
2016,3,2016-09-25,NYJ,KC,112.24,0.7001,KC,0.7001,24,3,KC,1
2016,3,2016-09-25,PIT,PHI,-161.04,0.3262,PIT,0.6738,34,3,PHI,0
2016,3,2016-09-26,CHI,DAL,88.03,0.67,DAL,0.67,31,17,DAL,1
2016,3,2016-09-27,ATL,NO,7.35,0.5606,NO,0.5606,32,45,ATL,0
2016,4,2016-09-30,MIA,CIN,185.0,0.7801,CIN,0.7801,22,7,CIN,1
2016,4,2016-10-02,IND,JAX,-234.97,0.2403,IND,0.7597,30,27,JAX,0
2016,4,2016-10-02,CAR,ATL,-121.7,0.3778,CAR,0.6222,48,33,ATL,0
2016,4,2016-10-02,LV,BAL,244.2,0.833,BAL,0.833,27,28,LV,0
2016,4,2016-10-02,DET,CHI,-77.12,0.4397,DET,0.5603,17,14,CHI,0
2016,4,2016-10-02,TEN,HOU,223.57,0.8158,HOU,0.8158,27,20,HOU,1
2016,4,2016-10-02,BUF,NE,298.35,0.872,NE,0.872,0,16,BUF,0
2016,4,2016-10-02,SEA,NYJ,-254.14,0.2207,SEA,0.7793,17,27,SEA,1
2016,4,2016-10-02,CLE,WAS,89.98,0.6725,WAS,0.6725,31,20,WAS,1
2016,4,2016-10-02,DEN,TB,-369.78,0.1271,DEN,0.8729,7,27,DEN,1
2016,4,2016-10-02,LAR,ARI,213.54,0.807,ARI,0.807,13,17,LAR,0
2016,4,2016-10-02,NO,LAC,-9.26,0.537,LAC,0.537,34,35,NO,0
2016,4,2016-10-02,DAL,SF,-37.4,0.4965,DAL,0.5035,17,24,DAL,1
2016,4,2016-10-03,KC,PIT,68.52,0.6447,PIT,0.6447,43,14,PIT,1
2016,4,2016-10-04,NYG,MIN,91.98,0.675,MIN,0.675,24,10,MIN,1
2016,5,2016-10-07,ARI,SF,-134.61,0.3604,ARI,0.6396,21,33,ARI,1
2016,5,2016-10-09,WAS,BAL,148.6,0.7421,BAL,0.7421,10,16,WAS,0
2016,5,2016-10-09,NE,CLE,-476.83,0.0729,NE,0.9271,13,33,NE,1
2016,5,2016-10-09,PHI,DET,-72.53,0.4462,PHI,0.5538,24,23,DET,0
2016,5,2016-10-09,CHI,IND,91.04,0.6738,IND,0.6738,29,23,IND,1
2016,5,2016-10-09,TEN,MIA,145.98,0.7392,MIA,0.7392,17,30,TEN,0
2016,5,2016-10-09,HOU,MIN,47.59,0.6167,MIN,0.6167,31,13,MIN,1
2016,5,2016-10-09,NYJ,PIT,216.86,0.81,PIT,0.81,31,13,PIT,1
2016,5,2016-10-09,ATL,DEN,188.86,0.7839,DEN,0.7839,16,23,ATL,0
2016,5,2016-10-09,CIN,DAL,-116.63,0.3846,CIN,0.6154,28,14,DAL,0
2016,5,2016-10-09,BUF,LAR,-117.05,0.3841,BUF,0.6159,19,30,BUF,1
2016,5,2016-10-09,LAC,LV,-148.4,0.3424,LAC,0.6576,34,31,LV,0
2016,5,2016-10-10,NYG,GB,184.91,0.78,GB,0.78,23,16,GB,1
2016,5,2016-10-11,TB,CAR,277.85,0.8583,CAR,0.8583,14,17,TB,0
2016,6,2016-10-14,DEN,LAC,-232.82,0.2426,DEN,0.7574,21,13,LAC,0
2016,6,2016-10-16,SF,BUF,70.87,0.6478,BUF,0.6478,45,16,BUF,1
2016,6,2016-10-16,JAX,CHI,124.7,0.7149,CHI,0.7149,16,17,JAX,0
2016,6,2016-10-16,LAR,DET,87.48,0.6693,DET,0.6693,31,28,DET,1
2016,6,2016-10-16,PIT,MIA,-251.06,0.2238,PIT,0.7762,30,15,MIA,0
2016,6,2016-10-16,CIN,NE,160.72,0.7552,NE,0.7552,35,17,NE,1
2016,6,2016-10-16,CAR,NO,-113.33,0.3891,CAR,0.6109,41,38,NO,0
2016,6,2016-10-16,BAL,NYG,-84.01,0.4299,BAL,0.5701,27,23,NYG,0
2016,6,2016-10-16,CLE,TEN,9.28,0.5634,TEN,0.5634,28,26,TEN,1
2016,6,2016-10-16,PHI,WAS,-130.42,0.366,PHI,0.634,27,20,WAS,0
2016,6,2016-10-16,KC,LV,-246.32,0.2286,KC,0.7714,10,26,KC,1
2016,6,2016-10-16,DAL,GB,117.92,0.7069,GB,0.7069,16,30,DAL,0
2016,6,2016-10-16,ATL,SEA,186.67,0.7818,SEA,0.7818,26,24,SEA,1
2016,6,2016-10-17,IND,HOU,3.48,0.5551,HOU,0.5551,26,23,HOU,1
2016,6,2016-10-18,NYJ,ARI,158.01,0.7523,ARI,0.7523,28,3,ARI,1
2016,7,2016-10-21,CHI,GB,232.05,0.8231,GB,0.8231,26,10,GB,1
2016,7,2016-10-23,NYG,LAR,-75.78,0.4416,NYG,0.5584,10,17,NYG,1
2016,7,2016-10-23,CLE,CIN,317.27,0.8837,CIN,0.8837,31,17,CIN,1
2016,7,2016-10-23,WAS,DET,60.04,0.6335,DET,0.6335,20,17,DET,1
2016,7,2016-10-23,LV,JAX,-33.56,0.5021,JAX,0.5021,16,33,LV,0
2016,7,2016-10-23,NO,KC,85.96,0.6674,KC,0.6674,27,21,KC,1
2016,7,2016-10-23,BUF,MIA,-99.32,0.4085,BUF,0.5915,28,25,MIA,0
2016,7,2016-10-23,BAL,NYJ,-96.57,0.4123,BAL,0.5877,24,16,NYJ,0
2016,7,2016-10-23,MIN,PHI,-45.32,0.4851,MIN,0.5149,21,10,PHI,0
2016,7,2016-10-23,IND,TEN,-189.55,0.2912,IND,0.7088,26,34,IND,1
2016,7,2016-10-23,LAC,ATL,52.67,0.6236,ATL,0.6236,30,33,LAC,0
2016,7,2016-10-23,TB,SF,104.91,0.6911,SF,0.6911,17,34,TB,0
2016,7,2016-10-23,NE,PIT,-129.96,0.3666,NE,0.6334,16,27,NE,1
2016,7,2016-10-24,SEA,ARI,-102.31,0.4043,SEA,0.5957,6,6,TIE,1
2016,7,2016-10-25,HOU,DEN,166.84,0.7617,DEN,0.7617,27,9,DEN,1
2016,8,2016-10-28,JAX,TEN,35.39,0.5999,TEN,0.5999,36,22,TEN,1
2016,8,2016-10-30,WAS,CIN,194.56,0.7894,CIN,0.7894,27,27,TIE,0
2016,8,2016-10-30,NE,BUF,-259.85,0.2151,NE,0.7849,25,41,NE,1
2016,8,2016-10-30,ARI,CAR,-21.07,0.52,CAR,0.52,30,20,CAR,1
2016,8,2016-10-30,NYJ,CLE,-156.53,0.3319,NYJ,0.6681,28,31,NYJ,1
2016,8,2016-10-30,DET,HOU,21.16,0.5801,HOU,0.5801,20,13,HOU,1
2016,8,2016-10-30,KC,IND,-75.9,0.4414,KC,0.5586,14,30,KC,1
2016,8,2016-10-30,SEA,NO,-228.55,0.2471,SEA,0.7529,25,20,NO,0
2016,8,2016-10-30,LV,TB,19.27,0.5775,TB,0.5775,24,30,LV,0
2016,8,2016-10-30,LAC,DEN,208.8,0.8027,DEN,0.8027,27,19,DEN,1
2016,8,2016-10-30,GB,ATL,-118.6,0.382,GB,0.618,33,32,ATL,0
2016,8,2016-10-31,PHI,DAL,2.31,0.5535,DAL,0.5535,29,23,DAL,1
2016,8,2016-11-01,MIN,CHI,-171.16,0.3135,MIN,0.6865,20,10,CHI,0
2016,9,2016-11-04,ATL,TB,-177.72,0.3054,ATL,0.6946,28,43,ATL,1
2016,9,2016-11-06,PIT,BAL,-122.99,0.376,PIT,0.624,21,14,BAL,0
2016,9,2016-11-06,DAL,CLE,-265.43,0.2097,DAL,0.7903,10,35,DAL,1
2016,9,2016-11-06,JAX,KC,332.01,0.8921,KC,0.8921,19,14,KC,1
2016,9,2016-11-06,NYJ,MIA,-5.78,0.5419,MIA,0.5419,27,23,MIA,1
2016,9,2016-11-06,DET,MIN,74.74,0.6529,MIN,0.6529,16,22,DET,0
2016,9,2016-11-06,PHI,NYG,-66.34,0.455,PHI,0.545,28,23,NYG,0
2016,9,2016-11-06,CAR,LAR,-219.78,0.2566,CAR,0.7434,10,13,CAR,1
2016,9,2016-11-06,NO,SF,-73.38,0.445,NO,0.555,23,41,NO,1
2016,9,2016-11-06,IND,GB,138.28,0.7306,GB,0.7306,26,31,IND,0
2016,9,2016-11-06,TEN,LAC,158.93,0.7533,LAC,0.7533,43,35,LAC,1
2016,9,2016-11-07,DEN,LV,-347.36,0.1421,DEN,0.8579,30,20,LV,0
2016,9,2016-11-08,BUF,SEA,178.21,0.7734,SEA,0.7734,31,25,SEA,1
2016,10,2016-11-11,CLE,BAL,252.74,0.8397,BAL,0.8397,28,7,BAL,1
2016,10,2016-11-13,KC,CAR,8.98,0.563,CAR,0.563,17,20,KC,0
2016,10,2016-11-13,HOU,JAX,-254.2,0.2207,HOU,0.7793,21,24,HOU,1
2016,10,2016-11-13,DEN,NO,-167.38,0.3182,DEN,0.6818,23,25,DEN,1
2016,10,2016-11-13,LAR,NYJ,66.93,0.6426,NYJ,0.6426,6,9,LAR,0
2016,10,2016-11-13,ATL,PHI,0.42,0.5508,PHI,0.5508,24,15,PHI,1
2016,10,2016-11-13,CHI,TB,-71.62,0.4475,CHI,0.5525,36,10,TB,0
2016,10,2016-11-13,GB,TEN,-310.33,0.1701,GB,0.8299,47,25,TEN,0
2016,10,2016-11-13,MIN,WAS,-126.36,0.3715,MIN,0.6285,26,20,WAS,0
2016,10,2016-11-13,MIA,LAC,27.82,0.5894,LAC,0.5894,24,31,MIA,0
2016,10,2016-11-13,SF,ARI,193.74,0.7886,ARI,0.7886,23,20,ARI,1
2016,10,2016-11-13,DAL,PIT,77.1,0.656,PIT,0.656,30,35,DAL,0
2016,10,2016-11-14,SEA,NE,88.89,0.6711,NE,0.6711,24,31,SEA,0
2016,10,2016-11-15,CIN,NYG,-134.47,0.3606,CIN,0.6394,21,20,NYG,0
2016,11,2016-11-18,NO,CAR,91.89,0.6749,CAR,0.6749,23,20,CAR,1
2016,11,2016-11-20,BUF,CIN,84.4,0.6654,CIN,0.6654,12,16,BUF,0
2016,11,2016-11-20,PIT,CLE,-352.06,0.1388,PIT,0.8612,9,24,PIT,1
2016,11,2016-11-20,BAL,DAL,30.33,0.5929,DAL,0.5929,27,17,DAL,1
2016,11,2016-11-20,JAX,DET,230.9,0.8221,DET,0.8221,26,19,DET,1
2016,11,2016-11-20,TEN,IND,166.29,0.7611,IND,0.7611,24,17,IND,1
2016,11,2016-11-20,TB,KC,242.09,0.8313,KC,0.8313,17,19,TB,0
2016,11,2016-11-20,ARI,MIN,-68.29,0.4522,ARI,0.5478,30,24,MIN,0
2016,11,2016-11-20,CHI,NYG,95.87,0.6799,NYG,0.6799,22,16,NYG,1
2016,11,2016-11-20,MIA,LAR,-75.27,0.4423,MIA,0.5577,10,14,MIA,1
2016,11,2016-11-20,PHI,SEA,179.87,0.775,SEA,0.775,26,15,SEA,1
2016,11,2016-11-20,NE,SF,-380.34,0.1205,NE,0.8795,17,30,NE,1
2016,11,2016-11-21,GB,WAS,-170.99,0.3137,GB,0.6863,42,24,WAS,0
2016,11,2016-11-22,HOU,LV,-159.64,0.328,HOU,0.672,27,20,LV,0
2016,12,2016-11-24,MIN,DET,-52.91,0.4743,MIN,0.5257,16,13,DET,0
2016,12,2016-11-24,WAS,DAL,130.05,0.7211,DAL,0.7211,31,26,DAL,1
2016,12,2016-11-25,PIT,IND,-125.96,0.372,PIT,0.628,7,28,PIT,1
2016,12,2016-11-27,ARI,ATL,-74.79,0.443,ARI,0.557,38,19,ATL,0
2016,12,2016-11-27,CIN,BAL,-70.52,0.4491,CIN,0.5509,19,14,BAL,0
2016,12,2016-11-27,JAX,BUF,276.24,0.8571,BUF,0.8571,28,21,BUF,1
2016,12,2016-11-27,TEN,CHI,50.63,0.6208,CHI,0.6208,21,27,TEN,0
2016,12,2016-11-27,NYG,CLE,-214.31,0.2627,NYG,0.7373,13,27,NYG,1
2016,12,2016-11-27,LAC,HOU,36.61,0.6016,HOU,0.6016,13,21,LAC,0
2016,12,2016-11-27,SF,MIA,61.74,0.6357,MIA,0.6357,31,24,MIA,1
2016,12,2016-11-27,LAR,NO,122.29,0.7121,NO,0.7121,49,21,NO,1
2016,12,2016-11-27,SEA,TB,-357.77,0.1349,SEA,0.8651,14,5,TB,0
2016,12,2016-11-27,NE,NYJ,-350.28,0.14,NE,0.86,17,22,NE,1
2016,12,2016-11-27,CAR,LV,-233.62,0.2417,CAR,0.7583,35,32,LV,0
2016,12,2016-11-28,KC,DEN,84.44,0.6654,DEN,0.6654,27,30,KC,0
2016,12,2016-11-29,GB,PHI,-45.45,0.485,GB,0.515,13,27,GB,1
2016,13,2016-12-02,DAL,MIN,-41.67,0.4904,DAL,0.5096,15,17,DAL,1
2016,13,2016-12-04,KC,ATL,-62.42,0.4606,KC,0.5394,28,29,KC,1
2016,13,2016-12-04,MIA,BAL,66.15,0.6416,BAL,0.6416,38,6,BAL,1
2016,13,2016-12-04,SF,CHI,-24.3,0.5154,CHI,0.5154,26,6,CHI,1
2016,13,2016-12-04,PHI,CIN,71.18,0.6482,CIN,0.6482,32,14,CIN,1
2016,13,2016-12-04,HOU,GB,96.51,0.6807,GB,0.6807,21,13,GB,1
2016,13,2016-12-04,DEN,JAX,-418.01,0.0993,DEN,0.9007,10,20,DEN,1
2016,13,2016-12-04,LAR,NE,421.56,0.9327,NE,0.9327,26,10,NE,1
2016,13,2016-12-04,DET,NO,15.64,0.5724,NO,0.5724,13,28,DET,0
2016,13,2016-12-04,BUF,LV,-159.34,0.3283,BUF,0.6717,38,24,LV,0
2016,13,2016-12-04,WAS,ARI,135.82,0.7278,ARI,0.7278,31,23,ARI,1
2016,13,2016-12-04,NYG,PIT,149.55,0.7431,PIT,0.7431,24,14,PIT,1
2016,13,2016-12-04,TB,LAC,101.43,0.6868,LAC,0.6868,21,28,TB,0
2016,13,2016-12-05,CAR,SEA,116.07,0.7047,SEA,0.7047,40,7,SEA,1
2016,13,2016-12-06,IND,NYJ,-56.71,0.4688,IND,0.5312,10,41,IND,1
2016,14,2016-12-09,LV,KC,214.32,0.8077,KC,0.8077,21,13,KC,1
2016,14,2016-12-11,PIT,BUF,-130.21,0.3663,PIT,0.6337,20,27,PIT,1
2016,14,2016-12-11,LAC,CAR,111.57,0.6992,CAR,0.6992,28,16,CAR,1
2016,14,2016-12-11,CIN,CLE,-335.28,0.1508,CIN,0.8492,10,23,CIN,1
2016,14,2016-12-11,CHI,DET,121.97,0.7117,DET,0.7117,20,17,DET,1
2016,14,2016-12-11,HOU,IND,24.19,0.5844,IND,0.5844,17,22,HOU,0
2016,14,2016-12-11,MIN,JAX,-281.74,0.1946,MIN,0.8054,16,25,MIN,1
2016,14,2016-12-11,ARI,MIA,-126.85,0.3708,ARI,0.6292,26,23,MIA,0
2016,14,2016-12-11,WAS,PHI,73.4,0.6511,PHI,0.6511,22,27,WAS,0
2016,14,2016-12-11,DEN,TEN,-331.59,0.1535,DEN,0.8465,13,10,TEN,0
2016,14,2016-12-11,NYJ,SF,-33.91,0.5016,SF,0.5016,17,23,NYJ,0
2016,14,2016-12-11,SEA,GB,-124.23,0.3743,SEA,0.6257,38,10,GB,0
2016,14,2016-12-11,ATL,LAR,-166.83,0.3189,ATL,0.6811,14,42,ATL,1
2016,14,2016-12-11,NO,TB,-109.16,0.3949,NO,0.6051,16,11,TB,0
2016,14,2016-12-12,DAL,NYG,-95.52,0.4138,DAL,0.5862,10,7,NYG,0
2016,14,2016-12-13,BAL,NE,239.16,0.8289,NE,0.8289,30,23,NE,1
2016,15,2016-12-16,LAR,SEA,341.61,0.8973,SEA,0.8973,24,3,SEA,1
2016,15,2016-12-18,MIA,NYJ,-38.55,0.4949,MIA,0.5051,13,34,MIA,1
2016,15,2016-12-18,PHI,BAL,46.89,0.6157,BAL,0.6157,27,26,BAL,1
2016,15,2016-12-18,CLE,BUF,247.37,0.8355,BUF,0.8355,33,13,BUF,1
2016,15,2016-12-18,GB,CHI,-234.68,0.2406,GB,0.7594,27,30,GB,1
2016,15,2016-12-18,PIT,CIN,-47.79,0.4816,PIT,0.5184,20,24,PIT,1
2016,15,2016-12-18,JAX,HOU,249.52,0.8372,HOU,0.8372,21,20,HOU,1
2016,15,2016-12-18,TEN,KC,258.05,0.8438,KC,0.8438,17,19,TEN,0
2016,15,2016-12-18,IND,MIN,30.06,0.5925,MIN,0.5925,6,34,IND,0
2016,15,2016-12-18,DET,NYG,-19.24,0.5227,NYG,0.5227,17,6,NYG,1
2016,15,2016-12-18,NO,ARI,86.83,0.6685,ARI,0.6685,41,48,NO,0
2016,15,2016-12-18,SF,ATL,171.61,0.7666,ATL,0.7666,41,13,ATL,1
2016,15,2016-12-18,NE,DEN,-129.01,0.3679,NE,0.6321,3,16,NE,1
2016,15,2016-12-18,LV,LAC,75.99,0.6545,LAC,0.6545,16,19,LV,0
2016,15,2016-12-19,TB,DAL,181.74,0.7769,DAL,0.7769,26,20,DAL,1
2016,15,2016-12-20,CAR,WAS,-140.0,0.3533,CAR,0.6467,15,26,CAR,1
2016,16,2016-12-23,NYG,PHI,-5.11,0.5429,PHI,0.5429,24,19,PHI,1
2016,16,2016-12-24,MIA,BUF,36.89,0.602,BUF,0.602,31,34,MIA,0
2016,16,2016-12-24,ATL,CAR,39.41,0.6055,CAR,0.6055,16,33,ATL,0
2016,16,2016-12-24,WAS,CHI,-55.25,0.4709,WAS,0.5291,21,41,WAS,1
2016,16,2016-12-24,LAC,CLE,-195.94,0.2836,LAC,0.7164,20,17,CLE,0
2016,16,2016-12-24,MIN,GB,110.65,0.6981,GB,0.6981,38,25,GB,1
2016,16,2016-12-24,TEN,JAX,-108.07,0.3964,TEN,0.6036,38,17,JAX,0
2016,16,2016-12-24,NYJ,NE,395.18,0.9225,NE,0.9225,41,3,NE,1
2016,16,2016-12-24,IND,LV,-136.41,0.3581,IND,0.6419,33,25,LV,0
2016,16,2016-12-24,SF,LAR,-13.56,0.5308,LAR,0.5308,21,22,SF,0
2016,16,2016-12-24,TB,NO,106.27,0.6928,NO,0.6928,31,24,NO,1
2016,16,2016-12-24,ARI,SEA,133.61,0.7252,SEA,0.7252,31,34,ARI,0
2016,16,2016-12-25,CIN,HOU,-100.64,0.4066,CIN,0.5934,12,10,HOU,0
2016,16,2016-12-25,BAL,PIT,106.36,0.6929,PIT,0.6929,31,27,PIT,1
2016,16,2016-12-26,DEN,KC,-56.45,0.4692,DEN,0.5308,33,10,KC,0
2016,16,2016-12-27,DET,DAL,77.1,0.6559,DAL,0.6559,42,21,DAL,1
2016,17,2017-01-01,BAL,CIN,44.55,0.6125,CIN,0.6125,27,10,CIN,1
2016,17,2017-01-01,JAX,IND,252.39,0.8395,IND,0.8395,24,20,IND,1
2016,17,2017-01-01,NE,MIA,-319.81,0.1625,NE,0.8375,14,35,NE,1
2016,17,2017-01-01,CHI,MIN,137.23,0.7294,MIN,0.7294,38,10,MIN,1
2016,17,2017-01-01,BUF,NYJ,-105.53,0.3999,BUF,0.6001,30,10,NYJ,0
2016,17,2017-01-01,DAL,PHI,-85.1,0.4284,DAL,0.5716,27,13,PHI,0
2016,17,2017-01-01,CLE,PIT,395.85,0.9227,PIT,0.9227,27,24,PIT,1
2016,17,2017-01-01,CAR,TB,-188.41,0.2925,CAR,0.7075,17,16,TB,0
2016,17,2017-01-01,HOU,TEN,-168.38,0.317,HOU,0.683,24,17,TEN,0
2016,17,2017-01-01,NO,ATL,66.91,0.6426,ATL,0.6426,38,32,ATL,1
2016,17,2017-01-01,LV,DEN,233.63,0.8244,DEN,0.8244,24,6,DEN,1
2016,17,2017-01-01,ARI,LAR,-224.72,0.2512,ARI,0.7488,6,44,ARI,1
2016,17,2017-01-01,KC,LAC,-170.22,0.3147,KC,0.6853,27,37,KC,1
2016,17,2017-01-01,SEA,SF,-322.04,0.1608,SEA,0.8392,23,25,SEA,1
2016,17,2017-01-01,NYG,WAS,-44.44,0.4864,NYG,0.5136,10,19,NYG,1
2016,17,2017-01-02,GB,DET,-137.02,0.3573,GB,0.6427,24,31,GB,1
2017,1,2017-09-08,KC,NE,184.97,0.7801,NE,0.7801,27,42,KC,0
2017,1,2017-09-10,NYJ,BUF,68.31,0.6444,BUF,0.6444,21,12,BUF,1
2017,1,2017-09-10,ATL,CHI,-217.12,0.2595,ATL,0.7405,17,23,ATL,1
2017,1,2017-09-10,BAL,CIN,65.9,0.6413,CIN,0.6413,0,20,BAL,0
2017,1,2017-09-10,PIT,CLE,-397.14,0.1106,PIT,0.8894,18,21,PIT,1
2017,1,2017-09-10,ARI,DET,-96.83,0.4119,ARI,0.5881,35,23,DET,0
2017,1,2017-09-10,JAX,HOU,229.05,0.8205,HOU,0.8205,7,29,JAX,0
2017,1,2017-09-10,LV,TEN,-53.35,0.4736,LV,0.5264,16,26,LV,1
2017,1,2017-09-10,PHI,WAS,-75.43,0.4421,PHI,0.5579,17,30,PHI,1
2017,1,2017-09-10,IND,LAR,-183.55,0.2984,IND,0.7016,46,9,LAR,0
2017,1,2017-09-10,SEA,GB,-57.93,0.467,SEA,0.533,17,9,GB,0
2017,1,2017-09-10,CAR,SF,-202.9,0.2756,CAR,0.7244,3,23,CAR,1
2017,1,2017-09-11,NYG,DAL,69.02,0.6454,DAL,0.6454,19,3,DAL,1
2017,1,2017-09-11,NO,MIN,17.03,0.5743,MIN,0.5743,29,19,MIN,1
2017,1,2017-09-12,LAC,DEN,199.26,0.7939,DEN,0.7939,24,21,DEN,1
2017,2,2017-09-15,HOU,CIN,115.08,0.7035,CIN,0.7035,9,13,HOU,0
2017,2,2017-09-17,CLE,BAL,292.88,0.8685,BAL,0.8685,24,10,BAL,1
2017,2,2017-09-17,BUF,CAR,82.49,0.6629,CAR,0.6629,9,3,CAR,1
2017,2,2017-09-17,ARI,IND,-82.81,0.4316,ARI,0.5684,13,16,ARI,1
2017,2,2017-09-17,TEN,JAX,-48.03,0.4813,TEN,0.5187,16,37,TEN,1
2017,2,2017-09-17,PHI,KC,111.53,0.6992,KC,0.6992,27,20,KC,1
2017,2,2017-09-17,NE,NO,-301.31,0.1776,NE,0.8224,20,36,NE,1
2017,2,2017-09-17,MIN,PIT,139.79,0.7323,PIT,0.7323,26,9,PIT,1
2017,2,2017-09-17,CHI,TB,38.13,0.6037,TB,0.6037,29,7,TB,1
2017,2,2017-09-17,MIA,LAC,-40.14,0.4926,MIA,0.5074,17,19,MIA,1
2017,2,2017-09-17,NYJ,LV,-7.03,0.5402,LV,0.5402,45,20,LV,1
2017,2,2017-09-17,DAL,DEN,57.32,0.6298,DEN,0.6298,42,17,DEN,1
2017,2,2017-09-17,WAS,LAR,-65.76,0.4558,WAS,0.5442,20,27,WAS,1
2017,2,2017-09-17,SF,SEA,323.02,0.887,SEA,0.887,12,9,SEA,1
2017,2,2017-09-18,GB,ATL,-65.46,0.4563,GB,0.5437,34,23,ATL,0
2017,2,2017-09-19,DET,NYG,-1.35,0.5483,NYG,0.5483,10,24,DET,0
2017,3,2017-09-22,LAR,SF,-1.36,0.5483,SF,0.5483,39,41,LAR,0
2017,3,2017-09-24,DEN,BUF,-164.56,0.3217,DEN,0.6783,26,16,BUF,0
2017,3,2017-09-24,NO,CAR,98.18,0.6828,CAR,0.6828,13,34,NO,0
2017,3,2017-09-24,PIT,CHI,-328.79,0.1556,PIT,0.8444,23,17,CHI,0
2017,3,2017-09-24,ATL,DET,-77.09,0.4397,ATL,0.5603,26,30,ATL,1
2017,3,2017-09-24,CLE,IND,221.22,0.8138,IND,0.8138,31,28,IND,1
2017,3,2017-09-24,TB,MIN,110.88,0.6984,MIN,0.6984,34,17,MIN,1
2017,3,2017-09-24,HOU,NE,317.93,0.8841,NE,0.8841,36,33,NE,1
2017,3,2017-09-24,MIA,NYJ,-86.65,0.4262,MIA,0.5738,20,6,NYJ,0
2017,3,2017-09-24,NYG,PHI,41.1,0.6078,PHI,0.6078,27,24,PHI,1
2017,3,2017-09-24,SEA,TEN,-332.37,0.1529,SEA,0.8471,33,27,TEN,0
2017,3,2017-09-24,CIN,GB,56.21,0.6283,GB,0.6283,27,24,GB,1
2017,3,2017-09-24,KC,LAC,-211.08,0.2663,KC,0.7337,10,24,KC,1
2017,3,2017-09-25,LV,WAS,15.65,0.5724,WAS,0.5724,27,10,WAS,1
2017,3,2017-09-25,BAL,JAX,-288.49,0.1886,BAL,0.8114,44,7,JAX,0
2017,3,2017-09-26,DAL,ARI,2.53,0.5538,ARI,0.5538,17,28,DAL,0
2017,4,2017-09-29,CHI,GB,284.31,0.8627,GB,0.8627,35,14,GB,1
2017,4,2017-10-01,BUF,ATL,91.38,0.6743,ATL,0.6743,17,23,BUF,0
2017,4,2017-10-01,PIT,BAL,-134.21,0.361,PIT,0.639,9,26,PIT,1
2017,4,2017-10-01,CIN,CLE,-312.49,0.1684,CIN,0.8316,7,31,CIN,1
2017,4,2017-10-01,LAR,DAL,218.67,0.8116,DAL,0.8116,30,35,LAR,0
2017,4,2017-10-01,TEN,HOU,113.78,0.7019,HOU,0.7019,57,14,HOU,1
2017,4,2017-10-01,DET,MIN,16.69,0.5738,MIN,0.5738,7,14,DET,0
2017,4,2017-10-01,CAR,NE,233.28,0.8241,NE,0.8241,30,33,CAR,0
2017,4,2017-10-01,JAX,NYJ,106.44,0.693,NYJ,0.693,23,20,NYJ,1
2017,4,2017-10-01,SF,ARI,209.19,0.8031,ARI,0.8031,18,15,ARI,1
2017,4,2017-10-01,PHI,LAC,-100.63,0.4067,PHI,0.5933,24,26,PHI,1
2017,4,2017-10-01,NYG,TB,-82.44,0.4321,NYG,0.5679,25,23,TB,0
2017,4,2017-10-01,LV,DEN,229.95,0.8213,DEN,0.8213,16,10,DEN,1
2017,4,2017-10-02,IND,SEA,188.9,0.784,SEA,0.784,46,18,SEA,1
2017,4,2017-10-02,NO,MIA,-35.84,0.4988,NO,0.5012,0,20,NO,1
2017,4,2017-10-03,WAS,KC,198.96,0.7936,KC,0.7936,29,20,KC,1
2017,5,2017-10-06,NE,TB,-385.23,0.1175,NE,0.8825,14,19,NE,1
2017,5,2017-10-08,BUF,CIN,63.67,0.6383,CIN,0.6383,20,16,CIN,1
2017,5,2017-10-08,NYJ,CLE,-160.54,0.3268,NYJ,0.6732,14,17,NYJ,1
2017,5,2017-10-08,CAR,DET,-53.13,0.4739,CAR,0.5261,24,27,CAR,1
2017,5,2017-10-08,SF,IND,124.88,0.7151,IND,0.7151,26,23,IND,1
2017,5,2017-10-08,TEN,MIA,107.12,0.6938,MIA,0.6938,16,10,MIA,1
2017,5,2017-10-08,LAC,NYG,49.71,0.6196,NYG,0.6196,22,27,LAC,0
2017,5,2017-10-08,ARI,PHI,-31.52,0.505,PHI,0.505,34,7,PHI,1
2017,5,2017-10-08,JAX,PIT,366.77,0.9099,PIT,0.9099,9,30,JAX,0
2017,5,2017-10-08,SEA,LAR,-306.01,0.1736,SEA,0.8264,10,16,SEA,1
2017,5,2017-10-08,BAL,LV,-104.46,0.4013,BAL,0.5987,17,30,BAL,1
2017,5,2017-10-08,GB,DAL,-65.27,0.4565,GB,0.5435,31,35,GB,1
2017,5,2017-10-09,KC,HOU,-164.31,0.3221,KC,0.6779,34,42,KC,1
2017,5,2017-10-10,MIN,CHI,-167.01,0.3187,MIN,0.6813,17,20,MIN,1
2017,6,2017-10-13,PHI,CAR,22.09,0.5814,CAR,0.5814,23,28,PHI,0
2017,6,2017-10-15,MIA,ATL,127.84,0.7186,ATL,0.7186,17,20,MIA,0
2017,6,2017-10-15,CHI,BAL,179.88,0.775,BAL,0.775,24,27,CHI,0
2017,6,2017-10-15,CLE,HOU,234.5,0.8251,HOU,0.8251,33,17,HOU,1
2017,6,2017-10-15,GB,MIN,-127.13,0.3704,GB,0.6296,23,10,MIN,0
2017,6,2017-10-15,DET,NO,10.74,0.5655,NO,0.5655,52,38,NO,1
2017,6,2017-10-15,NE,NYJ,-371.08,0.1262,NE,0.8738,17,24,NE,1
2017,6,2017-10-15,SF,WAS,100.57,0.6858,WAS,0.6858,26,24,WAS,1
2017,6,2017-10-15,TB,ARI,143.06,0.7359,ARI,0.7359,38,33,ARI,1
2017,6,2017-10-15,LAR,JAX,-46.85,0.483,LAR,0.517,17,27,LAR,1
2017,6,2017-10-15,PIT,KC,14.73,0.5711,KC,0.5711,13,19,PIT,0
2017,6,2017-10-15,LAC,LV,-31.63,0.5048,LV,0.5048,16,17,LAC,0
2017,6,2017-10-16,NYG,DEN,178.81,0.774,DEN,0.774,10,23,NYG,0
2017,6,2017-10-17,IND,TEN,-136.95,0.3573,IND,0.6427,36,22,TEN,0
2017,7,2017-10-20,KC,LV,-254.55,0.2203,KC,0.7797,31,30,LV,0
2017,7,2017-10-22,TB,BUF,110.97,0.6985,BUF,0.6985,30,27,BUF,1
2017,7,2017-10-22,CAR,CHI,-215.22,0.2617,CAR,0.7383,17,3,CHI,0
2017,7,2017-10-22,TEN,CLE,-110.71,0.3927,TEN,0.6073,9,12,TEN,1
2017,7,2017-10-22,NO,GB,97.83,0.6824,GB,0.6824,17,26,NO,0
2017,7,2017-10-22,JAX,IND,148.39,0.7419,IND,0.7419,0,27,JAX,0
2017,7,2017-10-22,ARI,LAR,-165.39,0.3207,ARI,0.6793,33,0,LAR,0
2017,7,2017-10-22,NYJ,MIA,48.61,0.618,MIA,0.618,31,28,MIA,1
2017,7,2017-10-22,BAL,MIN,15.34,0.5719,MIN,0.5719,24,16,MIN,1
2017,7,2017-10-22,DAL,SF,-222.62,0.2535,DAL,0.7465,10,40,DAL,1
2017,7,2017-10-22,DEN,LAC,-191.93,0.2884,DEN,0.7116,21,0,LAC,0
2017,7,2017-10-22,SEA,NYG,-200.22,0.2787,SEA,0.7213,7,24,SEA,1
2017,7,2017-10-22,CIN,PIT,72.86,0.6504,PIT,0.6504,29,14,PIT,1
2017,7,2017-10-23,ATL,NE,212.2,0.8058,NE,0.8058,23,7,NE,1
2017,7,2017-10-24,WAS,PHI,108.71,0.6958,PHI,0.6958,34,24,PHI,1
2017,8,2017-10-27,MIA,BAL,40.55,0.607,BAL,0.607,40,0,BAL,1
2017,8,2017-10-29,LV,BUF,109.46,0.6967,BUF,0.6967,34,14,BUF,1
2017,8,2017-10-29,IND,CIN,134.81,0.7266,CIN,0.7266,24,23,CIN,1
2017,8,2017-10-29,LAC,NE,336.93,0.8948,NE,0.8948,21,13,NE,1
2017,8,2017-10-29,CHI,NO,176.4,0.7715,NO,0.7715,20,12,NO,1
2017,8,2017-10-29,ATL,NYJ,-161.68,0.3254,ATL,0.6746,20,25,ATL,1
2017,8,2017-10-29,SF,PHI,230.06,0.8214,PHI,0.8214,33,10,PHI,1
2017,8,2017-10-29,CAR,TB,-155.49,0.3332,CAR,0.6668,3,17,CAR,1
2017,8,2017-10-29,HOU,SEA,200.53,0.7951,SEA,0.7951,41,38,SEA,1
2017,8,2017-10-29,DAL,WAS,-131.87,0.3641,DAL,0.6359,19,33,DAL,1
2017,8,2017-10-30,PIT,DET,-162.11,0.3248,PIT,0.6752,15,20,PIT,1
2017,8,2017-10-30,MIN,CLE,-297.13,0.1811,MIN,0.8189,16,33,MIN,1
2017,8,2017-10-31,DEN,KC,38.92,0.6048,KC,0.6048,29,19,KC,1
2017,9,2017-11-03,BUF,NYJ,-112.74,0.39,BUF,0.61,34,21,NYJ,0
2017,9,2017-11-05,ATL,CAR,-19.86,0.5218,CAR,0.5218,20,17,CAR,1
2017,9,2017-11-05,IND,HOU,51.73,0.6223,HOU,0.6223,14,20,IND,0
2017,9,2017-11-05,CIN,JAX,-232.72,0.2427,CIN,0.7573,23,7,JAX,0
2017,9,2017-11-05,TB,NO,161.24,0.7558,NO,0.7558,30,10,NO,1
2017,9,2017-11-05,LAR,NYG,64.22,0.639,NYG,0.639,17,51,LAR,0
2017,9,2017-11-05,DEN,PHI,-28.08,0.51,PHI,0.51,51,23,PHI,1
2017,9,2017-11-05,BAL,TEN,-167.88,0.3176,BAL,0.6824,23,20,TEN,0
2017,9,2017-11-05,WAS,SEA,254.24,0.8409,SEA,0.8409,14,17,WAS,0
2017,9,2017-11-05,ARI,SF,-187.82,0.2932,ARI,0.7068,10,20,ARI,1
2017,9,2017-11-05,KC,DAL,-67.28,0.4537,KC,0.5463,28,17,DAL,0
2017,9,2017-11-06,LV,MIA,55.27,0.6271,MIA,0.6271,24,27,LV,0
2017,9,2017-11-07,DET,GB,122.28,0.7121,GB,0.7121,17,30,DET,0
2017,10,2017-11-10,SEA,ARI,-160.02,0.3275,SEA,0.6725,16,22,SEA,1
2017,10,2017-11-12,NO,BUF,-48.5,0.4806,NO,0.5194,10,47,NO,1
2017,10,2017-11-12,GB,CHI,-238.26,0.2368,GB,0.7632,16,23,GB,1
2017,10,2017-11-12,CLE,DET,273.65,0.8553,DET,0.8553,38,24,DET,1
2017,10,2017-11-12,PIT,IND,-222.1,0.2541,PIT,0.7459,17,20,PIT,1
2017,10,2017-11-12,LAC,JAX,-96.83,0.4119,LAC,0.5881,20,17,JAX,0
2017,10,2017-11-12,NYJ,TB,-41.98,0.49,NYJ,0.51,15,10,TB,0
2017,10,2017-11-12,CIN,TEN,-187.5,0.2936,CIN,0.7064,24,20,TEN,0
2017,10,2017-11-12,MIN,WAS,-98.93,0.409,MIN,0.591,30,38,MIN,1
2017,10,2017-11-12,HOU,LAR,-39.04,0.4942,HOU,0.5058,33,7,LAR,0
2017,10,2017-11-12,DAL,ATL,-25.69,0.5134,ATL,0.5134,27,7,ATL,1
2017,10,2017-11-12,NYG,SF,-121.38,0.3782,NYG,0.6218,31,21,SF,0
2017,10,2017-11-13,NE,DEN,-217.36,0.2593,NE,0.7407,16,41,NE,1
2017,10,2017-11-14,MIA,CAR,121.21,0.7108,CAR,0.7108,45,21,CAR,1
2017,11,2017-11-17,TEN,PIT,292.79,0.8684,PIT,0.8684,40,17,PIT,1
2017,11,2017-11-19,DET,CHI,-153.39,0.3359,DET,0.6641,24,27,DET,1
2017,11,2017-11-19,JAX,CLE,-131.08,0.3651,JAX,0.6349,7,19,JAX,1
2017,11,2017-11-19,BAL,GB,84.0,0.6649,GB,0.6649,0,23,BAL,0
2017,11,2017-11-19,ARI,HOU,-61.01,0.4626,ARI,0.5374,31,21,HOU,0
2017,11,2017-11-19,TB,MIA,45.4,0.6137,MIA,0.6137,20,30,TB,0
2017,11,2017-11-19,LAR,MIN,91.93,0.675,MIN,0.675,24,7,MIN,1
2017,11,2017-11-19,WAS,NO,141.43,0.7341,NO,0.7341,34,31,NO,1
2017,11,2017-11-19,KC,NYG,-207.58,0.2702,KC,0.7298,12,9,NYG,0
2017,11,2017-11-19,BUF,LAC,-31.94,0.5044,LAC,0.5044,54,24,LAC,1
2017,11,2017-11-19,CIN,DEN,22.7,0.5823,DEN,0.5823,17,20,CIN,0
2017,11,2017-11-19,NE,LV,-405.29,0.1061,NE,0.8939,8,33,NE,1
2017,11,2017-11-20,PHI,DAL,-9.16,0.5371,DAL,0.5371,9,37,PHI,0
2017,11,2017-11-21,ATL,SEA,100.09,0.6852,SEA,0.6852,31,34,ATL,0
2017,12,2017-11-23,MIN,DET,-41.55,0.4906,MIN,0.5094,23,30,MIN,1
2017,12,2017-11-23,LAC,DAL,88.59,0.6707,DAL,0.6707,6,28,LAC,0
2017,12,2017-11-24,NYG,WAS,-6.43,0.541,WAS,0.541,20,10,WAS,1
2017,12,2017-11-26,TB,ATL,196.24,0.791,ATL,0.791,34,20,ATL,1
2017,12,2017-11-26,CLE,CIN,326.91,0.8893,CIN,0.8893,30,16,CIN,1
2017,12,2017-11-26,TEN,IND,69.52,0.646,IND,0.646,16,20,TEN,0
2017,12,2017-11-26,BUF,KC,174.25,0.7693,KC,0.7693,10,16,BUF,0
2017,12,2017-11-26,MIA,NE,387.78,0.9194,NE,0.9194,35,17,NE,1
2017,12,2017-11-26,CAR,NYJ,-158.06,0.33,CAR,0.67,27,35,CAR,1
2017,12,2017-11-26,CHI,PHI,255.73,0.8421,PHI,0.8421,31,3,PHI,1
2017,12,2017-11-26,SEA,SF,-344.3,0.1442,SEA,0.8558,13,24,SEA,1
2017,12,2017-11-26,JAX,ARI,134.4,0.7261,ARI,0.7261,27,24,ARI,1
2017,12,2017-11-26,NO,LAR,-131.55,0.3645,NO,0.6355,26,20,LAR,0
2017,12,2017-11-26,DEN,LV,-167.5,0.3181,DEN,0.6819,21,14,LV,0
2017,12,2017-11-27,GB,PIT,88.37,0.6704,PIT,0.6704,31,28,PIT,1
2017,12,2017-11-28,HOU,BAL,75.07,0.6533,BAL,0.6533,23,16,BAL,1
2017,13,2017-12-01,WAS,DAL,94.62,0.6783,DAL,0.6783,38,14,DAL,1
2017,13,2017-12-03,MIN,ATL,32.08,0.5953,ATL,0.5953,9,14,MIN,0
2017,13,2017-12-03,DET,BAL,39.81,0.606,BAL,0.606,44,20,BAL,1
2017,13,2017-12-03,NE,BUF,-339.28,0.1478,NE,0.8522,3,23,NE,1
2017,13,2017-12-03,SF,CHI,17.7,0.5753,CHI,0.5753,14,15,SF,0
2017,13,2017-12-03,TB,GB,186.49,0.7816,GB,0.7816,26,20,GB,1
2017,13,2017-12-03,IND,JAX,-63.16,0.4596,IND,0.5404,30,10,JAX,0
2017,13,2017-12-03,DEN,MIA,-135.17,0.3597,DEN,0.6403,35,9,MIA,0
2017,13,2017-12-03,KC,NYJ,-215.38,0.2615,KC,0.7385,38,31,NYJ,0
2017,13,2017-12-03,HOU,TEN,-83.86,0.4301,HOU,0.5699,24,13,TEN,0
2017,13,2017-12-03,CLE,LAC,268.48,0.8516,LAC,0.8516,19,10,LAC,1
2017,13,2017-12-03,LAR,ARI,51.57,0.6221,ARI,0.6221,16,32,LAR,0
2017,13,2017-12-03,CAR,NO,-5.55,0.5423,NO,0.5423,31,21,NO,1
2017,13,2017-12-03,NYG,LV,-25.25,0.514,LV,0.514,24,17,LV,1
2017,13,2017-12-04,PHI,SEA,65.3,0.6405,SEA,0.6405,24,10,SEA,1
2017,13,2017-12-05,PIT,CIN,-119.91,0.3802,PIT,0.6198,20,23,PIT,1
2017,14,2017-12-08,NO,ATL,9.85,0.5642,ATL,0.5642,20,17,ATL,1
2017,14,2017-12-10,IND,BUF,49.88,0.6198,BUF,0.6198,13,7,BUF,1
2017,14,2017-12-10,MIN,CAR,-6.69,0.5406,CAR,0.5406,31,24,CAR,1
2017,14,2017-12-10,CHI,CIN,204.24,0.7985,CIN,0.7985,7,33,CHI,0
2017,14,2017-12-10,GB,CLE,-361.35,0.1325,GB,0.8675,21,27,GB,1
2017,14,2017-12-10,SF,HOU,112.55,0.7004,HOU,0.7004,16,26,SF,0
2017,14,2017-12-10,LV,KC,198.64,0.7933,KC,0.7933,26,15,KC,1
2017,14,2017-12-10,DAL,NYG,-125.78,0.3722,DAL,0.6278,10,30,DAL,1
2017,14,2017-12-10,DET,TB,-104.3,0.4016,DET,0.5984,21,24,DET,1
2017,14,2017-12-10,TEN,ARI,102.64,0.6883,ARI,0.6883,12,7,ARI,1
2017,14,2017-12-10,NYJ,DEN,110.28,0.6977,DEN,0.6977,23,0,DEN,1
2017,14,2017-12-10,WAS,LAC,61.96,0.636,LAC,0.636,30,13,LAC,1
2017,14,2017-12-10,SEA,JAX,-304.13,0.1752,SEA,0.8248,30,24,JAX,0
2017,14,2017-12-10,PHI,LAR,-134.44,0.3607,PHI,0.6393,35,43,PHI,1
2017,14,2017-12-11,BAL,PIT,116.62,0.7053,PIT,0.7053,39,38,PIT,1
2017,14,2017-12-12,NE,MIA,-371.96,0.1257,NE,0.8743,27,20,MIA,0
2017,15,2017-12-15,DEN,IND,-128.7,0.3683,DEN,0.6317,13,25,DEN,1
2017,15,2017-12-16,CHI,DET,125.81,0.7162,DET,0.7162,20,10,DET,1
2017,15,2017-12-17,LAC,KC,112.14,0.6999,KC,0.6999,30,13,KC,1
2017,15,2017-12-17,MIA,BUF,18.81,0.5768,BUF,0.5768,24,16,BUF,1
2017,15,2017-12-17,GB,CAR,-8.92,0.5375,CAR,0.5375,31,24,CAR,1
2017,15,2017-12-17,BAL,CLE,-340.42,0.147,BAL,0.853,10,27,BAL,1
2017,15,2017-12-17,HOU,JAX,-39.69,0.4933,HOU,0.5067,45,7,JAX,0
2017,15,2017-12-17,CIN,MIN,42.39,0.6096,MIN,0.6096,34,7,MIN,1
2017,15,2017-12-17,NYJ,NO,166.92,0.7618,NO,0.7618,31,19,NO,1
2017,15,2017-12-17,PHI,NYG,-203.45,0.2749,PHI,0.7251,29,34,PHI,1
2017,15,2017-12-17,ARI,WAS,-74.82,0.4429,ARI,0.5571,20,15,WAS,0
2017,15,2017-12-17,LAR,SEA,212.43,0.806,SEA,0.806,7,42,LAR,0
2017,15,2017-12-17,NE,PIT,-120.24,0.3797,NE,0.6203,24,27,NE,1
2017,15,2017-12-17,TEN,SF,-35.9,0.4987,TEN,0.5013,25,23,SF,0
2017,15,2017-12-18,DAL,LV,-150.01,0.3403,DAL,0.6597,17,20,DAL,1
2017,15,2017-12-19,ATL,TB,-209.19,0.2684,ATL,0.7316,21,24,ATL,1
2017,16,2017-12-23,IND,BAL,161.19,0.7557,BAL,0.7557,23,16,BAL,1
2017,16,2017-12-24,MIN,GB,-5.18,0.5428,GB,0.5428,0,16,MIN,0
2017,16,2017-12-24,TB,CAR,199.44,0.7941,CAR,0.7941,22,19,CAR,1
2017,16,2017-12-24,CLE,CHI,151.73,0.7455,CHI,0.7455,20,3,CHI,1
2017,16,2017-12-24,DET,CIN,5.45,0.558,CIN,0.558,26,17,CIN,1
2017,16,2017-12-24,MIA,KC,179.28,0.7744,KC,0.7744,29,13,KC,1
2017,16,2017-12-24,BUF,NE,326.59,0.8891,NE,0.8891,37,16,NE,1
2017,16,2017-12-24,ATL,NO,-17.12,0.5257,NO,0.5257,23,13,NO,1
2017,16,2017-12-24,LAC,NYJ,-92.05,0.4186,LAC,0.5814,7,14,LAC,1
2017,16,2017-12-24,LAR,TEN,-119.45,0.3808,LAR,0.6192,23,27,LAR,1
2017,16,2017-12-24,DEN,WAS,-116.84,0.3844,DEN,0.6156,27,11,WAS,0
2017,16,2017-12-24,JAX,SF,-68.28,0.4522,JAX,0.5478,44,33,SF,0
2017,16,2017-12-24,NYG,ARI,81.56,0.6617,ARI,0.6617,23,0,ARI,1
2017,16,2017-12-24,SEA,DAL,-84.36,0.4294,SEA,0.5706,12,21,SEA,1
2017,16,2017-12-25,PIT,HOU,-265.75,0.2094,PIT,0.7906,6,34,PIT,1
2017,16,2017-12-26,LV,PHI,211.83,0.8055,PHI,0.8055,19,10,PHI,1
2017,17,2017-12-31,GB,DET,-65.89,0.4557,GB,0.5443,35,11,DET,0
2017,17,2017-12-31,HOU,IND,-5.07,0.543,IND,0.543,22,13,IND,1
2017,17,2017-12-31,CHI,MIN,222.3,0.8147,MIN,0.8147,23,10,MIN,1
2017,17,2017-12-31,NYJ,NE,410.43,0.9285,NE,0.9285,26,6,NE,1
2017,17,2017-12-31,WAS,NYG,-49.37,0.4793,WAS,0.5207,18,10,NYG,0
2017,17,2017-12-31,DAL,PHI,66.06,0.6415,PHI,0.6415,0,6,DAL,0
2017,17,2017-12-31,CLE,PIT,474.62,0.9495,PIT,0.9495,28,24,PIT,1
2017,17,2017-12-31,CAR,ATL,3.38,0.555,ATL,0.555,22,10,ATL,1
2017,17,2017-12-31,CIN,BAL,49.13,0.6188,BAL,0.6188,27,31,CIN,0
2017,17,2017-12-31,KC,DEN,-98.98,0.409,KC,0.591,24,27,KC,1
2017,17,2017-12-31,SF,LAR,138.42,0.7307,LAR,0.7307,13,34,SF,0
2017,17,2017-12-31,LV,LAC,99.69,0.6847,LAC,0.6847,30,10,LAC,1
2017,17,2017-12-31,BUF,MIA,-36.04,0.4985,BUF,0.5015,16,22,BUF,1
2017,17,2017-12-31,ARI,SEA,155.08,0.7492,SEA,0.7492,24,26,ARI,0
2017,17,2017-12-31,NO,TB,-208.98,0.2686,NO,0.7314,31,24,TB,0
2017,17,2017-12-31,JAX,TEN,-34.83,0.5002,TEN,0.5002,15,10,TEN,1
2018,1,2018-09-07,ATL,PHI,14.14,0.5703,PHI,0.5703,18,12,PHI,1
2018,1,2018-09-09,BUF,BAL,76.39,0.655,BAL,0.655,47,3,BAL,1
2018,1,2018-09-09,PIT,CLE,-475.53,0.0734,PIT,0.9266,21,21,TIE,1
2018,1,2018-09-09,CIN,IND,-117.81,0.383,CIN,0.617,23,34,CIN,1
2018,1,2018-09-09,TEN,MIA,47.41,0.6164,MIA,0.6164,27,20,MIA,1
2018,1,2018-09-09,SF,MIN,211.2,0.8049,MIN,0.8049,24,16,MIN,1
2018,1,2018-09-09,HOU,NE,414.63,0.9301,NE,0.9301,27,20,NE,1
2018,1,2018-09-09,TB,NO,187.38,0.7825,NO,0.7825,40,48,TB,0
2018,1,2018-09-09,JAX,NYG,1.1,0.5518,NYG,0.5518,15,20,JAX,0
2018,1,2018-09-09,KC,LAC,-121.57,0.3779,KC,0.6221,28,38,KC,1
2018,1,2018-09-09,WAS,ARI,70.19,0.6469,ARI,0.6469,6,24,WAS,0
2018,1,2018-09-09,DAL,CAR,10.08,0.5645,CAR,0.5645,16,8,CAR,1
2018,1,2018-09-09,SEA,DEN,-123.36,0.3755,SEA,0.6245,27,24,DEN,0
2018,1,2018-09-10,CHI,GB,171.3,0.7663,GB,0.7663,24,23,GB,1
2018,1,2018-09-10,NYJ,DET,119.7,0.709,DET,0.709,17,48,NYJ,0
2018,1,2018-09-11,LAR,LV,-90.03,0.4215,LAR,0.5785,13,33,LAR,1
2018,2,2018-09-14,BAL,CIN,-44.93,0.4857,BAL,0.5143,34,23,CIN,0
2018,2,2018-09-16,CAR,ATL,9.44,0.5636,ATL,0.5636,31,24,ATL,1
2018,2,2018-09-16,LAC,BUF,-40.18,0.4925,LAC,0.5075,20,31,LAC,1
2018,2,2018-09-16,MIN,GB,-59.88,0.4643,MIN,0.5357,29,29,TIE,1
2018,2,2018-09-16,CLE,NO,358.44,0.9059,NO,0.9059,21,18,NO,1
2018,2,2018-09-16,MIA,NYJ,-13.79,0.5305,NYJ,0.5305,12,20,MIA,0
2018,2,2018-09-16,KC,PIT,43.37,0.6109,PIT,0.6109,37,42,KC,0
2018,2,2018-09-16,PHI,TB,-214.42,0.2625,PHI,0.7375,27,21,TB,0
2018,2,2018-09-16,HOU,TEN,-15.85,0.5275,TEN,0.5275,20,17,TEN,1
2018,2,2018-09-16,IND,WAS,55.66,0.6276,WAS,0.6276,9,21,IND,0
2018,2,2018-09-16,ARI,LAR,8.36,0.5621,LAR,0.5621,34,0,LAR,1
2018,2,2018-09-16,DET,SF,-101.05,0.4061,DET,0.5939,30,27,SF,0
2018,2,2018-09-16,LV,DEN,151.98,0.7458,DEN,0.7458,20,19,DEN,1
2018,2,2018-09-16,NE,JAX,-397.85,0.1102,NE,0.8898,31,20,JAX,0
2018,2,2018-09-17,NYG,DAL,158.3,0.7526,DAL,0.7526,20,13,DAL,1
2018,2,2018-09-18,SEA,CHI,-274.2,0.2015,SEA,0.7985,24,17,CHI,0
2018,3,2018-09-21,NYJ,CLE,-206.26,0.2717,NYJ,0.7283,21,17,CLE,0
2018,3,2018-09-23,NO,ATL,30.52,0.5932,ATL,0.5932,37,43,NO,0
2018,3,2018-09-23,DEN,BAL,32.2,0.5955,BAL,0.5955,27,14,BAL,1
2018,3,2018-09-23,CIN,CAR,30.95,0.5938,CAR,0.5938,31,21,CAR,1
2018,3,2018-09-23,NYG,HOU,-6.12,0.5415,HOU,0.5415,22,27,NYG,0
2018,3,2018-09-23,TEN,JAX,44.35,0.6123,JAX,0.6123,6,9,TEN,0
2018,3,2018-09-23,SF,KC,256.88,0.8429,KC,0.8429,38,27,KC,1
2018,3,2018-09-23,LV,MIA,68.29,0.6444,MIA,0.6444,28,20,MIA,1
2018,3,2018-09-23,BUF,MIN,149.26,0.7428,MIN,0.7428,6,27,BUF,0
2018,3,2018-09-23,IND,PHI,195.7,0.7905,PHI,0.7905,20,16,PHI,1
2018,3,2018-09-23,GB,WAS,-101.95,0.4048,GB,0.5952,31,17,WAS,0
2018,3,2018-09-23,LAC,LAR,1.73,0.5527,LAR,0.5527,35,23,LAR,1
2018,3,2018-09-23,CHI,ARI,88.48,0.6706,ARI,0.6706,14,16,CHI,0
2018,3,2018-09-23,DAL,SEA,71.21,0.6483,SEA,0.6483,24,13,SEA,1
2018,3,2018-09-24,NE,DET,-314.43,0.1668,NE,0.8332,26,10,DET,0
2018,3,2018-09-25,PIT,TB,-262.27,0.2128,PIT,0.7872,27,30,PIT,1
2018,4,2018-09-28,MIN,LAR,-53.68,0.4731,MIN,0.5269,38,31,LAR,0
2018,4,2018-09-30,CIN,ATL,53.86,0.6252,ATL,0.6252,36,37,CIN,0
2018,4,2018-09-30,TB,CHI,-26.2,0.5127,CHI,0.5127,48,10,CHI,1
2018,4,2018-09-30,DET,DAL,53.39,0.6245,DAL,0.6245,26,24,DAL,1
2018,4,2018-09-30,BUF,GB,52.91,0.6239,GB,0.6239,22,0,GB,1
2018,4,2018-09-30,HOU,IND,29.29,0.5915,IND,0.5915,34,37,HOU,0
2018,4,2018-09-30,NYJ,JAX,14.96,0.5714,JAX,0.5714,31,12,JAX,1
2018,4,2018-09-30,MIA,NE,322.93,0.887,NE,0.887,38,7,NE,1
2018,4,2018-09-30,PHI,TEN,-221.03,0.2552,PHI,0.7448,26,23,TEN,0
2018,4,2018-09-30,SEA,ARI,-176.21,0.3073,SEA,0.6927,17,20,SEA,1
2018,4,2018-09-30,CLE,LV,156.63,0.7508,LV,0.7508,45,42,LV,1
2018,4,2018-09-30,SF,LAC,116.04,0.7046,LAC,0.7046,29,27,LAC,1
2018,4,2018-09-30,NO,NYG,-174.54,0.3093,NO,0.6907,18,33,NO,1
2018,4,2018-10-01,BAL,PIT,102.4,0.688,PIT,0.688,14,26,BAL,0
2018,4,2018-10-02,KC,DEN,-127.01,0.3706,KC,0.6294,23,27,KC,1
2018,5,2018-10-05,IND,NE,375.61,0.914,NE,0.914,38,24,NE,1
2018,5,2018-10-07,TEN,BUF,66.47,0.642,BUF,0.642,13,12,BUF,1
2018,5,2018-10-07,NYG,CAR,188.22,0.7833,CAR,0.7833,33,31,CAR,1
2018,5,2018-10-07,MIA,CIN,91.68,0.6746,CIN,0.6746,27,17,CIN,1
2018,5,2018-10-07,BAL,CLE,-376.59,0.1228,BAL,0.8772,12,9,CLE,0
2018,5,2018-10-07,GB,DET,-44.52,0.4863,GB,0.5137,31,23,DET,0
2018,5,2018-10-07,JAX,KC,222.07,0.8145,KC,0.8145,30,14,KC,1
2018,5,2018-10-07,DEN,NYJ,-127.35,0.3701,DEN,0.6299,34,16,NYJ,0
2018,5,2018-10-07,ATL,PIT,78.7,0.658,PIT,0.658,41,17,PIT,1
2018,5,2018-10-07,LV,LAC,132.8,0.7243,LAC,0.7243,26,10,LAC,1
2018,5,2018-10-07,MIN,PHI,31.11,0.594,PHI,0.594,21,23,MIN,0
2018,5,2018-10-07,LAR,SEA,105.63,0.692,SEA,0.692,31,33,LAR,0
2018,5,2018-10-07,ARI,SF,-72.52,0.4462,ARI,0.5538,18,28,ARI,1
2018,5,2018-10-08,DAL,HOU,-169.04,0.3161,DAL,0.6839,19,16,HOU,0
2018,5,2018-10-09,WAS,NO,128.57,0.7194,NO,0.7194,43,19,NO,1
2018,6,2018-10-12,PHI,NYG,-205.02,0.2732,PHI,0.7268,13,34,PHI,1
2018,6,2018-10-14,TB,ATL,186.68,0.7818,ATL,0.7818,34,29,ATL,1
2018,6,2018-10-14,PIT,CIN,-128.67,0.3684,PIT,0.6316,21,28,PIT,1
2018,6,2018-10-14,LAC,CLE,-293.39,0.1843,LAC,0.8157,14,38,LAC,1
2018,6,2018-10-14,BUF,HOU,-71.64,0.4475,BUF,0.5525,20,13,HOU,0
2018,6,2018-10-14,CHI,MIA,31.97,0.5952,MIA,0.5952,31,28,MIA,1
2018,6,2018-10-14,ARI,MIN,109.43,0.6967,MIN,0.6967,27,17,MIN,1
2018,6,2018-10-14,IND,NYJ,8.45,0.5622,NYJ,0.5622,42,34,NYJ,1
2018,6,2018-10-14,SEA,LV,-267.4,0.2079,SEA,0.7921,3,27,SEA,1
2018,6,2018-10-14,CAR,WAS,-138.28,0.3556,CAR,0.6444,23,17,WAS,0
2018,6,2018-10-14,LAR,DEN,-39.5,0.4935,LAR,0.5065,20,23,LAR,1
2018,6,2018-10-14,JAX,DAL,119.8,0.7091,DAL,0.7091,40,7,DAL,1
2018,6,2018-10-14,BAL,TEN,-188.36,0.2926,BAL,0.7074,0,21,BAL,1
2018,6,2018-10-15,KC,NE,120.94,0.7105,NE,0.7105,43,40,NE,1
2018,6,2018-10-16,SF,GB,153.8,0.7478,GB,0.7478,33,30,GB,1
2018,7,2018-10-19,DEN,ARI,-34.42,0.5008,ARI,0.5008,10,45,DEN,0
2018,7,2018-10-21,NE,CHI,-377.74,0.1221,NE,0.8779,31,38,NE,1
2018,7,2018-10-21,BUF,IND,-62.15,0.461,BUF,0.539,37,5,IND,0
2018,7,2018-10-21,HOU,JAX,14.26,0.5704,JAX,0.5704,7,20,HOU,0
2018,7,2018-10-21,DET,MIA,-58.44,0.4663,DET,0.5337,21,32,DET,1
2018,7,2018-10-21,MIN,NYJ,-164.73,0.3215,MIN,0.6785,17,37,MIN,1
2018,7,2018-10-21,CAR,PHI,30.6,0.5933,PHI,0.5933,17,21,CAR,0
2018,7,2018-10-21,CLE,TB,168.46,0.7634,TB,0.7634,26,23,TB,1
2018,7,2018-10-21,NO,BAL,-2.09,0.5472,BAL,0.5472,23,24,NO,0
2018,7,2018-10-21,LAR,SF,-172.23,0.3122,LAR,0.6878,10,39,LAR,1
2018,7,2018-10-21,DAL,WAS,-106.11,0.3991,DAL,0.6009,20,17,WAS,0
2018,7,2018-10-22,CIN,KC,116.6,0.7053,KC,0.7053,45,10,KC,1
2018,7,2018-10-22,TEN,LAC,135.09,0.7269,LAC,0.7269,20,19,LAC,1
2018,7,2018-10-23,NYG,ATL,191.26,0.7862,ATL,0.7862,23,20,ATL,1
2018,8,2018-10-26,MIA,HOU,-20.22,0.5213,HOU,0.5213,42,23,HOU,1
2018,8,2018-10-28,BAL,CAR,-4.45,0.5439,CAR,0.5439,36,21,CAR,1
2018,8,2018-10-28,NYJ,CHI,-4.12,0.5443,CHI,0.5443,24,10,CHI,1
2018,8,2018-10-28,TB,CIN,141.76,0.7345,CIN,0.7345,37,34,CIN,1
2018,8,2018-10-28,SEA,DET,-126.54,0.3712,SEA,0.6288,14,28,SEA,1
2018,8,2018-10-28,DEN,KC,148.91,0.7424,KC,0.7424,30,23,KC,1
2018,8,2018-10-28,WAS,NYG,-79.23,0.4367,WAS,0.5633,13,20,WAS,1
2018,8,2018-10-28,CLE,PIT,467.84,0.9476,PIT,0.9476,33,18,PIT,1
2018,8,2018-10-28,IND,LV,-57.26,0.468,IND,0.532,28,42,IND,1
2018,8,2018-10-28,SF,ARI,74.81,0.653,ARI,0.653,18,15,ARI,1
2018,8,2018-10-28,GB,LAR,25.53,0.5862,LAR,0.5862,29,27,LAR,1
2018,8,2018-10-29,NO,MIN,-4.86,0.5433,MIN,0.5433,20,30,NO,0
2018,8,2018-10-29,PHI,JAX,-194.75,0.285,PHI,0.715,18,24,PHI,1
2018,8,2018-10-30,NE,BUF,-353.15,0.1381,NE,0.8619,6,25,NE,1
2018,9,2018-11-02,LV,SF,9.85,0.5642,SF,0.5642,34,3,SF,1
2018,9,2018-11-04,PIT,BAL,-107.16,0.3976,PIT,0.6024,16,23,PIT,1
2018,9,2018-11-04,CHI,BUF,12.9,0.5685,BUF,0.5685,9,41,CHI,0
2018,9,2018-11-04,TB,CAR,210.8,0.8045,CAR,0.8045,42,28,CAR,1
2018,9,2018-11-04,KC,CLE,-461.89,0.0789,KC,0.9211,21,37,KC,1
2018,9,2018-11-04,NYJ,MIA,24.45,0.5847,MIA,0.5847,13,6,MIA,1
2018,9,2018-11-04,DET,MIN,75.13,0.6534,MIN,0.6534,24,9,MIN,1
2018,9,2018-11-04,ATL,WAS,-108.98,0.3951,ATL,0.6049,14,38,ATL,1
2018,9,2018-11-04,HOU,DEN,86.0,0.6674,DEN,0.6674,17,19,HOU,0
2018,9,2018-11-04,LAC,SEA,128.72,0.7196,SEA,0.7196,17,25,LAC,0
2018,9,2018-11-04,LAR,NO,45.39,0.6137,NO,0.6137,45,35,NO,1
2018,9,2018-11-05,GB,NE,259.19,0.8447,NE,0.8447,31,17,NE,1
2018,9,2018-11-06,TEN,DAL,171.97,0.767,DAL,0.767,14,28,TEN,0
2018,10,2018-11-09,CAR,PIT,89.76,0.6722,PIT,0.6722,52,21,PIT,1
2018,10,2018-11-11,DET,CHI,-56.68,0.4688,DET,0.5312,34,22,CHI,0
2018,10,2018-11-11,NO,CIN,-85.55,0.4278,NO,0.5722,14,51,NO,1
2018,10,2018-11-11,ATL,CLE,-381.21,0.1199,ATL,0.8801,28,16,CLE,0
2018,10,2018-11-11,JAX,IND,30.54,0.5932,IND,0.5932,29,26,IND,1
2018,10,2018-11-11,ARI,KC,234.21,0.8249,KC,0.8249,26,14,KC,1
2018,10,2018-11-11,BUF,NYJ,-13.23,0.5313,NYJ,0.5313,10,41,BUF,0
2018,10,2018-11-11,WAS,TB,-75.57,0.4419,WAS,0.5581,3,16,WAS,1
2018,10,2018-11-11,NE,TEN,-392.32,0.1134,NE,0.8866,34,10,TEN,0
2018,10,2018-11-11,LAC,LV,-202.85,0.2756,LAC,0.7244,6,20,LAC,1
2018,10,2018-11-11,MIA,GB,98.22,0.6828,GB,0.6828,31,12,GB,1
2018,10,2018-11-11,SEA,LAR,-83.7,0.4304,SEA,0.5696,36,31,LAR,0
2018,10,2018-11-12,DAL,PHI,64.42,0.6393,PHI,0.6393,20,27,DAL,0
2018,10,2018-11-13,NYG,SF,2.97,0.5544,SF,0.5544,23,27,NYG,0
2018,11,2018-11-16,GB,SEA,95.78,0.6798,SEA,0.6798,27,24,SEA,1
2018,11,2018-11-18,DAL,ATL,27.5,0.589,ATL,0.589,19,22,DAL,0
2018,11,2018-11-18,CIN,BAL,58.96,0.632,BAL,0.632,24,21,BAL,1
2018,11,2018-11-18,CAR,DET,-99.41,0.4083,CAR,0.5917,20,19,DET,0
2018,11,2018-11-18,TEN,IND,9.15,0.5632,IND,0.5632,38,10,IND,1
2018,11,2018-11-18,PIT,JAX,-305.93,0.1737,PIT,0.8263,16,20,PIT,1
2018,11,2018-11-18,TB,NYG,13.34,0.5691,NYG,0.5691,38,35,NYG,1
2018,11,2018-11-18,HOU,WAS,27.98,0.5897,WAS,0.5897,21,23,HOU,0
2018,11,2018-11-18,LV,ARI,113.53,0.7016,ARI,0.7016,21,23,LV,0
2018,11,2018-11-18,DEN,LAC,28.26,0.59,LAC,0.59,22,23,DEN,0
2018,11,2018-11-18,PHI,NO,44.39,0.6123,NO,0.6123,48,7,NO,1
2018,11,2018-11-19,MIN,CHI,-136.81,0.3575,MIN,0.6425,25,20,CHI,0
2018,11,2018-11-20,KC,LAR,-115.71,0.3859,KC,0.6141,54,51,LAR,0
2018,12,2018-11-22,CHI,DET,28.56,0.5905,DET,0.5905,16,23,CHI,0
2018,12,2018-11-22,WAS,DAL,94.44,0.6781,DAL,0.6781,31,23,DAL,1
2018,12,2018-11-23,ATL,NO,87.72,0.6696,NO,0.6696,31,17,NO,1
2018,12,2018-11-25,LV,BAL,241.69,0.831,BAL,0.831,34,17,BAL,1
2018,12,2018-11-25,JAX,BUF,33.43,0.5972,BUF,0.5972,24,21,BUF,1
2018,12,2018-11-25,SEA,CAR,-54.17,0.4724,SEA,0.5276,27,30,SEA,1
2018,12,2018-11-25,CLE,CIN,279.2,0.8592,CIN,0.8592,20,35,CLE,0
2018,12,2018-11-25,NE,NYJ,-399.37,0.1093,NE,0.8907,13,27,NE,1
2018,12,2018-11-25,NYG,PHI,185.74,0.7809,PHI,0.7809,25,22,PHI,1
2018,12,2018-11-25,SF,TB,-7.33,0.5397,TB,0.5397,27,9,TB,1
2018,12,2018-11-25,ARI,LAC,103.34,0.6892,LAC,0.6892,45,10,LAC,1
2018,12,2018-11-25,PIT,DEN,-187.25,0.2939,PIT,0.7061,24,17,DEN,0
2018,12,2018-11-25,MIA,IND,32.99,0.5966,IND,0.5966,27,24,IND,1
2018,12,2018-11-26,GB,MIN,49.3,0.619,MIN,0.619,24,17,MIN,1
2018,12,2018-11-27,TEN,HOU,34.65,0.5989,HOU,0.5989,34,17,HOU,1
2018,13,2018-11-30,NO,DAL,-105.12,0.4004,NO,0.5996,13,10,DAL,0
2018,13,2018-12-02,BAL,ATL,-14.74,0.5291,ATL,0.5291,16,26,BAL,0
2018,13,2018-12-02,DEN,CIN,-39.58,0.4934,DEN,0.5066,10,24,DEN,1
2018,13,2018-12-02,LAR,DET,-88.88,0.4231,LAR,0.5769,16,30,LAR,1
2018,13,2018-12-02,ARI,GB,108.21,0.6952,GB,0.6952,17,20,ARI,0
2018,13,2018-12-02,CLE,HOU,208.98,0.8029,HOU,0.8029,29,13,HOU,1
2018,13,2018-12-02,IND,JAX,-67.08,0.454,IND,0.546,6,0,JAX,0
2018,13,2018-12-02,BUF,MIA,-16.44,0.5267,MIA,0.5267,21,17,MIA,1
2018,13,2018-12-02,CHI,NYG,-86.47,0.4265,CHI,0.5735,30,27,NYG,0
2018,13,2018-12-02,CAR,TB,-197.51,0.2818,CAR,0.7182,24,17,TB,0
2018,13,2018-12-02,KC,LV,-346.0,0.143,KC,0.857,33,40,KC,1
2018,13,2018-12-02,NYJ,TEN,31.91,0.5951,TEN,0.5951,26,22,TEN,1
2018,13,2018-12-02,MIN,NE,181.03,0.7762,NE,0.7762,24,10,NE,1
2018,13,2018-12-02,SF,SEA,282.18,0.8613,SEA,0.8613,43,16,SEA,1
2018,13,2018-12-03,LAC,PIT,143.78,0.7368,PIT,0.7368,30,33,LAC,0
2018,13,2018-12-04,WAS,PHI,119.97,0.7093,PHI,0.7093,28,13,PHI,1
2018,14,2018-12-07,JAX,TEN,4.06,0.556,TEN,0.556,30,9,TEN,1
2018,14,2018-12-09,NYJ,BUF,65.41,0.6406,BUF,0.6406,23,27,NYJ,0
2018,14,2018-12-09,CAR,CLE,-324.39,0.159,CAR,0.841,26,20,CLE,0
2018,14,2018-12-09,ATL,GB,-31.25,0.5054,GB,0.5054,34,20,GB,1
2018,14,2018-12-09,IND,HOU,10.13,0.5646,HOU,0.5646,21,24,IND,0
2018,14,2018-12-09,BAL,KC,87.32,0.6691,KC,0.6691,27,24,KC,1
2018,14,2018-12-09,NE,MIA,-352.72,0.1384,NE,0.8616,34,33,MIA,0
2018,14,2018-12-09,NO,TB,-269.86,0.2056,NO,0.7944,14,28,NO,1
2018,14,2018-12-09,NYG,WAS,56.81,0.6291,WAS,0.6291,16,40,NYG,0
2018,14,2018-12-09,CIN,LAC,81.72,0.6619,LAC,0.6619,26,21,LAC,1
2018,14,2018-12-09,DEN,SF,-186.09,0.2953,DEN,0.7047,20,14,SF,0
2018,14,2018-12-09,DET,ARI,-45.13,0.4854,DET,0.5146,3,17,DET,1
2018,14,2018-12-09,PHI,DAL,-15.56,0.528,DAL,0.528,29,23,DAL,1
2018,14,2018-12-09,PIT,LV,-361.01,0.1328,PIT,0.8672,24,21,LV,0
2018,14,2018-12-10,LAR,CHI,-115.13,0.3867,LAR,0.6133,15,6,CHI,0
2018,14,2018-12-11,MIN,SEA,61.55,0.6355,SEA,0.6355,21,7,SEA,1
2018,15,2018-12-14,LAC,KC,117.23,0.7061,KC,0.7061,28,29,LAC,0
2018,15,2018-12-15,HOU,NYJ,-84.72,0.4289,HOU,0.5711,22,29,HOU,1
2018,15,2018-12-16,CLE,DEN,278.79,0.8589,DEN,0.8589,16,17,CLE,0
2018,15,2018-12-16,ARI,ATL,125.21,0.7155,ATL,0.7155,40,14,ATL,1
2018,15,2018-12-16,TB,BAL,199.63,0.7942,BAL,0.7942,20,12,BAL,1
2018,15,2018-12-16,DET,BUF,-64.61,0.4575,DET,0.5425,14,13,BUF,0
2018,15,2018-12-16,GB,CHI,-55.98,0.4698,GB,0.5302,24,17,CHI,0
2018,15,2018-12-16,LV,CIN,137.88,0.7301,CIN,0.7301,30,16,CIN,1
2018,15,2018-12-16,DAL,IND,-118.67,0.3819,DAL,0.6181,23,0,IND,0
2018,15,2018-12-16,WAS,JAX,-42.61,0.489,WAS,0.511,13,16,WAS,1
2018,15,2018-12-16,MIA,MIN,147.62,0.741,MIN,0.741,41,17,MIN,1
2018,15,2018-12-16,TEN,NYG,-3.79,0.5448,NYG,0.5448,0,17,TEN,0
2018,15,2018-12-16,SEA,SF,-290.13,0.1871,SEA,0.8129,26,23,SF,0
2018,15,2018-12-16,NE,PIT,-90.28,0.4211,NE,0.5789,17,10,PIT,0
2018,15,2018-12-17,PHI,LAR,-5.46,0.5424,LAR,0.5424,23,30,PHI,0
2018,15,2018-12-18,NO,CAR,-108.75,0.3954,NO,0.6046,9,12,NO,1
2018,16,2018-12-22,WAS,TEN,0.77,0.5513,TEN,0.5513,25,16,TEN,1
2018,16,2018-12-23,BAL,LAC,-21.22,0.5198,LAC,0.5198,10,22,BAL,0
2018,16,2018-12-23,ATL,CAR,1.93,0.5529,CAR,0.5529,10,24,ATL,0
2018,16,2018-12-23,CIN,CLE,-219.85,0.2565,CIN,0.7435,26,18,CLE,0
2018,16,2018-12-23,TB,DAL,171.28,0.7663,DAL,0.7663,27,20,DAL,1
2018,16,2018-12-23,MIN,DET,-104.12,0.4018,MIN,0.5982,9,27,MIN,1
2018,16,2018-12-23,NYG,IND,78.35,0.6576,IND,0.6576,28,27,IND,1
2018,16,2018-12-23,JAX,MIA,40.37,0.6068,MIA,0.6068,7,17,JAX,0
2018,16,2018-12-23,BUF,NE,336.42,0.8945,NE,0.8945,24,12,NE,1
2018,16,2018-12-23,GB,NYJ,-162.63,0.3242,GB,0.6758,38,44,GB,1
2018,16,2018-12-23,HOU,PHI,123.88,0.7139,PHI,0.7139,32,30,PHI,1
2018,16,2018-12-23,LAR,ARI,-157.07,0.3312,LAR,0.6688,9,31,LAR,1
2018,16,2018-12-23,CHI,SF,-114.43,0.3876,CHI,0.6124,9,14,CHI,1
2018,16,2018-12-23,PIT,NO,-20.19,0.5213,NO,0.5213,31,28,NO,1
2018,16,2018-12-24,KC,SEA,-27.12,0.5113,SEA,0.5113,38,31,SEA,1
2018,16,2018-12-25,DEN,LV,-197.93,0.2813,DEN,0.7187,27,14,LV,0
2018,17,2018-12-30,MIA,BUF,14.27,0.5704,BUF,0.5704,42,17,BUF,1
2018,17,2018-12-30,DET,GB,61.09,0.6349,GB,0.6349,0,31,DET,0
2018,17,2018-12-30,JAX,HOU,67.29,0.6431,HOU,0.6431,20,3,HOU,1
2018,17,2018-12-30,NYJ,NE,404.5,0.9262,NE,0.9262,38,3,NE,1
2018,17,2018-12-30,CAR,NO,136.2,0.7282,NO,0.7282,14,33,CAR,0
2018,17,2018-12-30,DAL,NYG,-161.06,0.3261,DAL,0.6739,35,36,DAL,1
2018,17,2018-12-30,ATL,TB,-184.25,0.2975,ATL,0.7025,32,34,ATL,1
2018,17,2018-12-30,CLE,BAL,330.68,0.8914,BAL,0.8914,26,24,BAL,1
2018,17,2018-12-30,LAC,DEN,-45.18,0.4854,LAC,0.5146,9,23,LAC,1
2018,17,2018-12-30,LV,KC,322.79,0.8869,KC,0.8869,35,3,KC,1
2018,17,2018-12-30,SF,LAR,205.13,0.7994,LAR,0.7994,48,32,LAR,1
2018,17,2018-12-30,CHI,MIN,104.08,0.6901,MIN,0.6901,10,24,CHI,0
2018,17,2018-12-30,CIN,PIT,217.45,0.8105,PIT,0.8105,16,13,PIT,1
2018,17,2018-12-30,ARI,SEA,261.41,0.8464,SEA,0.8464,27,24,SEA,1
2018,17,2018-12-30,PHI,WAS,-162.96,0.3237,PHI,0.6763,0,24,PHI,1
2018,17,2018-12-31,IND,TEN,-37.47,0.4964,IND,0.5036,17,33,IND,1
2019,1,2019-09-06,GB,CHI,4.53,0.5566,CHI,0.5566,3,10,GB,0
2019,1,2019-09-08,LAR,CAR,-18.91,0.5231,CAR,0.5231,27,30,LAR,0
2019,1,2019-09-08,TEN,CLE,-159.24,0.3285,TEN,0.6715,13,43,TEN,1
2019,1,2019-09-08,KC,JAX,-288.58,0.1885,KC,0.8115,26,40,KC,1
2019,1,2019-09-08,BAL,MIA,-209.24,0.2684,BAL,0.7316,10,59,BAL,1
2019,1,2019-09-08,ATL,MIN,13.82,0.5698,MIN,0.5698,28,12,MIN,1
2019,1,2019-09-08,BUF,NYJ,-82.81,0.4316,BUF,0.5684,16,17,BUF,1
2019,1,2019-09-08,WAS,PHI,184.84,0.78,PHI,0.78,32,27,PHI,1
2019,1,2019-09-08,IND,LAC,74.16,0.6521,LAC,0.6521,30,24,LAC,1
2019,1,2019-09-08,CIN,SEA,192.42,0.7874,SEA,0.7874,21,20,SEA,1
2019,1,2019-09-08,DET,ARI,-102.32,0.4043,DET,0.5957,27,27,TIE,1
2019,1,2019-09-08,NYG,DAL,165.85,0.7606,DAL,0.7606,35,17,DAL,1
2019,1,2019-09-08,SF,TB,14.33,0.5705,TB,0.5705,17,31,SF,0
2019,1,2019-09-09,PIT,NE,79.71,0.6593,NE,0.6593,33,3,NE,1
2019,1,2019-09-09,HOU,NO,185.47,0.7806,NO,0.7806,30,28,NO,1
2019,1,2019-09-10,DEN,LV,-158.41,0.3295,DEN,0.6705,24,16,LV,0
2019,2,2019-09-13,TB,CAR,189.71,0.7847,CAR,0.7847,14,20,TB,0
2019,2,2019-09-15,ARI,BAL,223.52,0.8158,BAL,0.8158,23,17,BAL,1
2019,2,2019-09-15,SF,CIN,86.46,0.668,CIN,0.668,17,41,SF,0
2019,2,2019-09-15,LAC,DET,-77.75,0.4388,LAC,0.5612,13,10,DET,0
2019,2,2019-09-15,MIN,GB,-79.22,0.4367,MIN,0.5633,21,16,GB,0
2019,2,2019-09-15,JAX,HOU,88.85,0.671,HOU,0.671,13,12,HOU,1
2019,2,2019-09-15,NE,MIA,-401.45,0.1082,NE,0.8918,0,43,NE,1
2019,2,2019-09-15,BUF,NYG,-53.86,0.4729,BUF,0.5271,14,28,BUF,1
2019,2,2019-09-15,SEA,PIT,13.45,0.5693,PIT,0.5693,26,28,SEA,0
2019,2,2019-09-15,IND,TEN,-47.32,0.4823,IND,0.5177,17,19,IND,1
2019,2,2019-09-15,DAL,WAS,-155.1,0.3337,DAL,0.6663,21,31,DAL,1
2019,2,2019-09-15,KC,LV,-323.8,0.1594,KC,0.8406,10,28,KC,1
2019,2,2019-09-15,CHI,DEN,-11.96,0.5331,DEN,0.5331,14,16,CHI,0
2019,2,2019-09-15,NO,LAR,-72.82,0.4458,NO,0.5542,27,9,LAR,0
2019,2,2019-09-16,PHI,ATL,-46.54,0.4834,PHI,0.5166,24,20,ATL,0
2019,2,2019-09-17,CLE,NYJ,95.92,0.68,NYJ,0.68,3,23,CLE,0
2019,3,2019-09-20,TEN,JAX,-61.5,0.4619,TEN,0.5381,20,7,JAX,0
2019,3,2019-09-22,CIN,BUF,13.13,0.5688,BUF,0.5688,21,17,BUF,1
2019,3,2019-09-22,MIA,DAL,199.78,0.7944,DAL,0.7944,31,6,DAL,1
2019,3,2019-09-22,DEN,GB,38.3,0.604,GB,0.604,27,16,GB,1
2019,3,2019-09-22,ATL,IND,-67.65,0.4532,ATL,0.5468,27,24,IND,0
2019,3,2019-09-22,BAL,KC,59.71,0.633,KC,0.633,33,28,KC,1
2019,3,2019-09-22,LV,MIN,237.35,0.8275,MIN,0.8275,34,14,MIN,1
2019,3,2019-09-22,NYJ,NE,451.78,0.9428,NE,0.9428,30,14,NE,1
2019,3,2019-09-22,DET,PHI,93.48,0.6769,PHI,0.6769,24,27,DET,0
2019,3,2019-09-22,CAR,ARI,-151.72,0.3381,CAR,0.6619,20,38,CAR,1
2019,3,2019-09-22,NYG,TB,-2.71,0.5463,TB,0.5463,31,32,NYG,0
2019,3,2019-09-22,HOU,LAC,97.74,0.6822,LAC,0.6822,20,27,HOU,0
2019,3,2019-09-22,NO,SEA,24.4,0.5847,SEA,0.5847,27,33,NO,0
2019,3,2019-09-22,PIT,SF,-267.27,0.208,PIT,0.792,24,20,SF,0
2019,3,2019-09-23,LAR,CLE,-323.0,0.1601,LAR,0.8399,13,20,LAR,1
2019,3,2019-09-24,CHI,WAS,-99.2,0.4087,CHI,0.5913,15,31,CHI,1
2019,4,2019-09-27,PHI,GB,-59.42,0.4649,PHI,0.5351,27,34,PHI,1
2019,4,2019-09-29,TEN,ATL,131.15,0.7224,ATL,0.7224,10,24,TEN,0
2019,4,2019-09-29,CLE,BAL,339.77,0.8964,BAL,0.8964,25,40,CLE,0
2019,4,2019-09-29,NE,BUF,-326.01,0.1577,NE,0.8423,10,16,NE,1
2019,4,2019-09-29,KC,DET,-175.14,0.3086,KC,0.6914,30,34,KC,1
2019,4,2019-09-29,CAR,HOU,-72.13,0.4468,CAR,0.5532,10,16,CAR,1
2019,4,2019-09-29,LV,IND,157.33,0.7516,IND,0.7516,24,31,LV,0
2019,4,2019-09-29,LAC,MIA,-190.39,0.2902,LAC,0.7098,10,30,LAC,1
2019,4,2019-09-29,WAS,NYG,-13.74,0.5306,NYG,0.5306,24,3,NYG,1
2019,4,2019-09-29,SEA,ARI,-274.09,0.2016,SEA,0.7984,10,27,SEA,1
2019,4,2019-09-29,TB,LAR,232.76,0.8237,LAR,0.8237,40,55,TB,0
2019,4,2019-09-29,MIN,CHI,-73.85,0.4443,MIN,0.5557,16,6,CHI,0
2019,4,2019-09-29,JAX,DEN,85.31,0.6665,DEN,0.6665,24,26,JAX,0
2019,4,2019-09-30,DAL,NO,68.87,0.6452,NO,0.6452,12,10,NO,1
2019,4,2019-10-01,CIN,PIT,222.97,0.8153,PIT,0.8153,27,3,PIT,1
2019,5,2019-10-04,LAR,SEA,76.85,0.6556,SEA,0.6556,30,29,SEA,1
2019,5,2019-10-06,JAX,CAR,164.12,0.7588,CAR,0.7588,34,27,CAR,1
2019,5,2019-10-06,ARI,CIN,53.42,0.6246,CIN,0.6246,23,26,ARI,0
2019,5,2019-10-06,ATL,HOU,-65.98,0.4555,ATL,0.5445,53,32,HOU,0
2019,5,2019-10-06,TB,NO,264.15,0.8484,NO,0.8484,31,24,NO,1
2019,5,2019-10-06,MIN,NYG,-181.81,0.3005,MIN,0.6995,10,28,MIN,1
2019,5,2019-10-06,CHI,LV,-173.01,0.3112,CHI,0.6888,24,21,LV,0
2019,5,2019-10-06,NYJ,PHI,264.75,0.8488,PHI,0.8488,31,6,PHI,1
2019,5,2019-10-06,BAL,PIT,68.54,0.6447,PIT,0.6447,23,26,BAL,0
2019,5,2019-10-06,BUF,TEN,-16.47,0.5266,TEN,0.5266,7,14,BUF,0
2019,5,2019-10-06,NE,WAS,-408.67,0.1042,NE,0.8958,7,33,NE,1
2019,5,2019-10-06,DEN,LAC,97.16,0.6815,LAC,0.6815,13,20,DEN,0
2019,5,2019-10-06,GB,DAL,55.22,0.627,DAL,0.627,24,34,GB,0
2019,5,2019-10-07,IND,KC,198.27,0.793,KC,0.793,13,19,IND,0
2019,5,2019-10-08,CLE,SF,115.1,0.7035,SF,0.7035,31,3,SF,1
2019,6,2019-10-11,NYG,NE,402.47,0.9254,NE,0.9254,35,14,NE,1
2019,6,2019-10-13,CAR,TB,-176.86,0.3065,CAR,0.6935,26,37,CAR,1
2019,6,2019-10-13,CIN,BAL,179.01,0.7742,BAL,0.7742,23,17,BAL,1
2019,6,2019-10-13,SEA,CLE,-380.96,0.1201,SEA,0.8799,28,32,SEA,1
2019,6,2019-10-13,NO,JAX,-262.53,0.2125,NO,0.7875,6,13,NO,1
2019,6,2019-10-13,HOU,KC,185.62,0.7807,KC,0.7807,24,31,HOU,0
2019,6,2019-10-13,WAS,MIA,-17.4,0.5253,MIA,0.5253,16,17,WAS,0
2019,6,2019-10-13,PHI,MIN,-14.46,0.5295,MIN,0.5295,38,20,MIN,1
2019,6,2019-10-13,ATL,ARI,-138.12,0.3558,ATL,0.6442,34,33,ARI,0
2019,6,2019-10-13,SF,LAR,161.87,0.7564,LAR,0.7564,7,20,SF,0
2019,6,2019-10-13,TEN,DEN,46.45,0.6151,DEN,0.6151,16,0,DEN,1
2019,6,2019-10-13,DAL,NYJ,-237.74,0.2374,DAL,0.7626,24,22,NYJ,0
2019,6,2019-10-14,PIT,LAC,-102.69,0.4038,PIT,0.5962,17,24,PIT,1
2019,6,2019-10-15,DET,GB,28.3,0.5901,GB,0.5901,23,22,GB,1
2019,7,2019-10-18,KC,DEN,-176.95,0.3064,KC,0.6936,6,30,KC,1
2019,7,2019-10-20,LAR,ATL,-48.75,0.4802,LAR,0.5198,10,37,LAR,1
2019,7,2019-10-20,MIA,BUF,112.18,0.7,BUF,0.7,31,21,BUF,1
2019,7,2019-10-20,JAX,CIN,32.34,0.5957,CIN,0.5957,17,27,JAX,0
2019,7,2019-10-20,MIN,DET,-98.4,0.4098,MIN,0.5902,30,42,MIN,1
2019,7,2019-10-20,LV,GB,176.05,0.7712,GB,0.7712,42,24,GB,1
2019,7,2019-10-20,HOU,IND,-3.15,0.5457,IND,0.5457,30,23,IND,1
2019,7,2019-10-20,ARI,NYG,-1.77,0.5477,NYG,0.5477,21,27,ARI,0
2019,7,2019-10-20,SF,WAS,-55.64,0.4703,SF,0.5297,0,9,SF,1
2019,7,2019-10-20,LAC,TEN,-126.58,0.3712,LAC,0.6288,23,20,TEN,0
2019,7,2019-10-20,NO,CHI,-137.13,0.3571,NO,0.6429,25,36,NO,1
2019,7,2019-10-20,BAL,SEA,58.86,0.6319,SEA,0.6319,16,30,BAL,0
2019,7,2019-10-21,PHI,DAL,-28.6,0.5092,DAL,0.5092,37,10,DAL,1
2019,7,2019-10-22,NE,NYJ,-459.45,0.0799,NE,0.9201,0,33,NE,1
2019,8,2019-10-25,WAS,MIN,238.71,0.8286,MIN,0.8286,19,9,MIN,1
2019,8,2019-10-27,SEA,ATL,-152.04,0.3377,SEA,0.6623,20,27,SEA,1
2019,8,2019-10-27,PHI,BUF,-95.12,0.4143,PHI,0.5857,13,31,PHI,1
2019,8,2019-10-27,LAC,CHI,-29.69,0.5076,CHI,0.5076,16,17,LAC,0
2019,8,2019-10-27,NYG,DET,114.94,0.7033,DET,0.7033,31,26,DET,1
2019,8,2019-10-27,DEN,IND,28.21,0.59,IND,0.59,15,13,IND,1
2019,8,2019-10-27,NYJ,JAX,69.77,0.6464,JAX,0.6464,29,15,JAX,1
2019,8,2019-10-27,CIN,LAR,175.64,0.7708,LAR,0.7708,24,10,LAR,1
2019,8,2019-10-27,ARI,NO,267.84,0.8511,NO,0.8511,31,9,NO,1
2019,8,2019-10-27,TB,TEN,49.16,0.6188,TEN,0.6188,27,23,TEN,1
2019,8,2019-10-27,CAR,SF,-124.04,0.3746,CAR,0.6254,51,13,SF,0
2019,8,2019-10-27,LV,HOU,140.47,0.733,HOU,0.733,27,24,HOU,1
2019,8,2019-10-27,CLE,NE,514.17,0.9594,NE,0.9594,27,13,NE,1
2019,8,2019-10-28,GB,KC,133.48,0.7251,KC,0.7251,24,31,GB,0
2019,8,2019-10-29,MIA,PIT,315.82,0.8828,PIT,0.8828,27,14,PIT,1
2019,9,2019-11-01,SF,ARI,-82.73,0.4317,SF,0.5683,25,28,SF,1
2019,9,2019-11-03,HOU,JAX,-89.31,0.4225,HOU,0.5775,3,26,HOU,1
2019,9,2019-11-03,WAS,BUF,91.87,0.6749,BUF,0.6749,24,9,BUF,1
2019,9,2019-11-03,TEN,CAR,104.93,0.6911,CAR,0.6911,30,20,CAR,1
2019,9,2019-11-03,MIN,KC,52.91,0.6239,KC,0.6239,26,23,KC,1
2019,9,2019-11-03,NYJ,MIA,24.37,0.5846,MIA,0.5846,26,18,MIA,1
2019,9,2019-11-03,CHI,PHI,70.57,0.6474,PHI,0.6474,22,14,PHI,1
2019,9,2019-11-03,IND,PIT,155.9,0.7501,PIT,0.7501,26,24,PIT,1
2019,9,2019-11-03,DET,LV,-144.67,0.3472,DET,0.6528,31,24,LV,0
2019,9,2019-11-03,TB,SEA,279.54,0.8594,SEA,0.8594,40,34,SEA,1
2019,9,2019-11-03,CLE,DEN,194.49,0.7894,DEN,0.7894,24,19,DEN,1
2019,9,2019-11-03,GB,LAC,-7.11,0.54,LAC,0.54,26,11,LAC,1
2019,9,2019-11-04,NE,BAL,-175.3,0.3084,NE,0.6916,37,20,BAL,0
2019,9,2019-11-05,DAL,NYG,-203.59,0.2748,DAL,0.7252,18,37,DAL,1
2019,10,2019-11-08,LAC,LV,-196.25,0.2833,LAC,0.7167,26,24,LV,0
2019,10,2019-11-10,DET,CHI,15.88,0.5727,CHI,0.5727,20,13,CHI,1
2019,10,2019-11-10,BAL,CIN,-235.08,0.2402,BAL,0.7598,13,49,BAL,1
2019,10,2019-11-10,BUF,CLE,-189.81,0.2909,BUF,0.7091,19,16,CLE,0
2019,10,2019-11-10,ATL,NO,176.23,0.7714,NO,0.7714,9,26,ATL,0
2019,10,2019-11-10,NYG,NYJ,-51.99,0.4756,NYG,0.5244,34,27,NYJ,0
2019,10,2019-11-10,ARI,TB,-14.19,0.5299,TB,0.5299,30,27,TB,1
2019,10,2019-11-10,KC,TEN,-241.84,0.2331,KC,0.7669,35,32,TEN,0
2019,10,2019-11-10,MIA,IND,155.11,0.7492,IND,0.7492,12,16,MIA,0
2019,10,2019-11-10,CAR,GB,-2.64,0.5464,GB,0.5464,24,16,GB,1
2019,10,2019-11-10,LAR,PIT,79.04,0.6585,PIT,0.6585,17,12,PIT,1
2019,10,2019-11-11,MIN,DAL,-22.97,0.5173,DAL,0.5173,24,28,MIN,0
2019,10,2019-11-12,SEA,SF,-176.79,0.3066,SEA,0.6934,24,27,SEA,1
2019,11,2019-11-15,PIT,CLE,-388.09,0.1158,PIT,0.8842,21,7,CLE,0
2019,11,2019-11-17,HOU,BAL,136.93,0.729,BAL,0.729,41,7,BAL,1
2019,11,2019-11-17,ATL,CAR,24.43,0.5847,CAR,0.5847,3,29,ATL,0
2019,11,2019-11-17,DAL,DET,-99.37,0.4084,DAL,0.5916,27,35,DAL,1
2019,11,2019-11-17,JAX,IND,106.53,0.6931,IND,0.6931,33,13,IND,1
2019,11,2019-11-17,BUF,MIA,-98.99,0.4089,BUF,0.5911,20,37,BUF,1
2019,11,2019-11-17,DEN,MIN,137.6,0.7298,MIN,0.7298,27,23,MIN,1
2019,11,2019-11-17,NO,TB,-270.57,0.2049,NO,0.7951,17,34,NO,1
2019,11,2019-11-17,NYJ,WAS,36.58,0.6016,WAS,0.6016,17,34,NYJ,0
2019,11,2019-11-17,ARI,SF,94.12,0.6777,SF,0.6777,36,26,SF,1
2019,11,2019-11-17,CIN,LV,-25.25,0.514,LV,0.514,17,10,LV,1
2019,11,2019-11-17,NE,PHI,-192.94,0.2872,NE,0.7128,10,17,NE,1
2019,11,2019-11-18,CHI,LAR,75.79,0.6543,LAR,0.6543,17,7,LAR,1
2019,11,2019-11-19,KC,LAC,-109.69,0.3941,KC,0.6059,17,24,KC,1
2019,12,2019-11-22,IND,HOU,-8.41,0.5382,HOU,0.5382,20,17,HOU,1
2019,12,2019-11-24,TB,ATL,160.06,0.7545,ATL,0.7545,22,35,TB,0
2019,12,2019-11-24,DEN,BUF,-2.34,0.5469,BUF,0.5469,20,3,BUF,1
2019,12,2019-11-24,NYG,CHI,144.86,0.738,CHI,0.738,19,14,CHI,1
2019,12,2019-11-24,PIT,CIN,-269.91,0.2055,PIT,0.7945,10,16,PIT,1
2019,12,2019-11-24,MIA,CLE,-47.58,0.4819,MIA,0.5181,41,24,CLE,0
2019,12,2019-11-24,CAR,NO,140.21,0.7327,NO,0.7327,34,31,NO,1
2019,12,2019-11-24,LV,NYJ,-36.34,0.4981,LV,0.5019,34,3,NYJ,0
2019,12,2019-11-24,SEA,PHI,-78.78,0.4373,SEA,0.5627,9,17,SEA,1
2019,12,2019-11-24,DET,WAS,-129.36,0.3674,DET,0.6326,19,16,WAS,0
2019,12,2019-11-24,JAX,TEN,50.04,0.62,TEN,0.62,42,20,TEN,1
2019,12,2019-11-24,DAL,NE,195.98,0.7908,NE,0.7908,13,9,NE,1
2019,12,2019-11-25,GB,SF,-66.81,0.4543,GB,0.5457,37,8,SF,0
2019,12,2019-11-26,BAL,LAR,-68.93,0.4513,BAL,0.5487,6,45,BAL,1
2019,13,2019-11-28,CHI,DET,-39.96,0.4929,CHI,0.5071,20,24,CHI,1
2019,13,2019-11-28,BUF,DAL,98.9,0.6837,DAL,0.6837,15,26,BUF,0
2019,13,2019-11-29,NO,ATL,-139.23,0.3543,NO,0.6457,18,26,NO,1
2019,13,2019-12-01,SF,BAL,178.84,0.774,BAL,0.774,20,17,BAL,1
2019,13,2019-12-01,WAS,CAR,161.38,0.7559,CAR,0.7559,21,29,WAS,0
2019,13,2019-12-01,NYJ,CIN,20.23,0.5788,CIN,0.5788,22,6,CIN,1
2019,13,2019-12-01,TEN,IND,57.04,0.6294,IND,0.6294,17,31,TEN,0
2019,13,2019-12-01,TB,JAX,-17.08,0.5258,JAX,0.5258,11,28,TB,0
2019,13,2019-12-01,PHI,MIA,-237.67,0.2375,PHI,0.7625,37,31,MIA,0
2019,13,2019-12-01,GB,NYG,-171.86,0.3126,GB,0.6874,13,31,GB,1
2019,13,2019-12-01,CLE,PIT,340.27,0.8966,PIT,0.8966,20,13,PIT,1
2019,13,2019-12-01,LAR,ARI,-192.25,0.288,LAR,0.712,7,34,LAR,1
2019,13,2019-12-01,LAC,DEN,-84.52,0.4292,LAC,0.5708,23,20,DEN,0
2019,13,2019-12-01,LV,KC,314.26,0.8819,KC,0.8819,40,9,KC,1
2019,13,2019-12-02,NE,HOU,-278.33,0.1977,NE,0.8023,28,22,HOU,0
2019,13,2019-12-03,MIN,SEA,49.03,0.6186,SEA,0.6186,37,30,SEA,1
2019,14,2019-12-06,DAL,CHI,-58.05,0.4669,DAL,0.5331,31,24,CHI,0
2019,14,2019-12-08,CAR,ATL,12.14,0.5674,ATL,0.5674,40,20,ATL,1
2019,14,2019-12-08,BAL,BUF,-187.58,0.2935,BAL,0.7065,17,24,BAL,1
2019,14,2019-12-08,CIN,CLE,-77.69,0.4389,CIN,0.5611,27,19,CLE,0
2019,14,2019-12-08,WAS,GB,173.45,0.7685,GB,0.7685,20,15,GB,1
2019,14,2019-12-08,DEN,HOU,48.79,0.6183,HOU,0.6183,24,38,DEN,0
2019,14,2019-12-08,DET,MIN,152.13,0.746,MIN,0.746,20,7,MIN,1
2019,14,2019-12-08,SF,NO,159.61,0.754,NO,0.754,46,48,SF,0
2019,14,2019-12-08,MIA,NYJ,5.76,0.5584,NYJ,0.5584,22,21,NYJ,1
2019,14,2019-12-08,IND,TB,-84.65,0.429,IND,0.571,38,35,TB,0
2019,14,2019-12-08,LAC,JAX,-182.72,0.2994,LAC,0.7006,10,45,LAC,1
2019,14,2019-12-08,PIT,ARI,-293.46,0.1842,PIT,0.8158,17,23,PIT,1
2019,14,2019-12-08,KC,NE,101.63,0.6871,NE,0.6871,16,23,KC,0
2019,14,2019-12-08,TEN,LV,-112.55,0.3902,TEN,0.6098,21,42,TEN,1
2019,14,2019-12-09,SEA,LAR,-94.2,0.4156,SEA,0.5844,28,12,LAR,0
2019,14,2019-12-10,NYG,PHI,216.62,0.8098,PHI,0.8098,23,17,PHI,1
2019,15,2019-12-13,NYJ,BAL,335.96,0.8943,BAL,0.8943,42,21,BAL,1
2019,15,2019-12-15,SEA,CAR,-171.64,0.3129,SEA,0.6871,24,30,SEA,1
2019,15,2019-12-15,NE,CIN,-379.32,0.1211,NE,0.8789,13,34,NE,1
2019,15,2019-12-15,TB,DET,43.73,0.6114,DET,0.6114,17,38,TB,0
2019,15,2019-12-15,CHI,GB,16.91,0.5742,GB,0.5742,21,13,GB,1
2019,15,2019-12-15,DEN,KC,200.24,0.7948,KC,0.7948,23,3,KC,1
2019,15,2019-12-15,MIA,NYG,1.76,0.5527,NYG,0.5527,36,20,NYG,1
2019,15,2019-12-15,HOU,TEN,-26.69,0.512,TEN,0.512,21,24,HOU,0
2019,15,2019-12-15,PHI,WAS,-206.28,0.2717,PHI,0.7283,27,37,PHI,1
2019,15,2019-12-15,CLE,ARI,37.27,0.6025,ARI,0.6025,38,24,ARI,1
2019,15,2019-12-15,MIN,LAC,-64.45,0.4577,MIN,0.5423,10,39,MIN,1
2019,15,2019-12-15,JAX,LV,-6.68,0.5407,LV,0.5407,16,20,JAX,0
2019,15,2019-12-15,LAR,DAL,-33.05,0.5028,DAL,0.5028,44,21,DAL,1
2019,15,2019-12-15,ATL,SF,-15.85,0.5275,SF,0.5275,22,29,ATL,0
2019,15,2019-12-16,BUF,PIT,167.5,0.7624,PIT,0.7624,10,17,BUF,0
2019,15,2019-12-17,IND,NO,173.24,0.7683,NO,0.7683,34,7,NO,1
2019,16,2019-12-21,HOU,TB,-76.96,0.4399,HOU,0.5601,20,23,HOU,1
2019,16,2019-12-21,BUF,NE,261.52,0.8464,NE,0.8464,24,17,NE,1
2019,16,2019-12-22,LAR,SF,-76.01,0.4413,LAR,0.5587,34,31,SF,0
2019,16,2019-12-22,JAX,ATL,183.22,0.7784,ATL,0.7784,24,12,ATL,1
2019,16,2019-12-22,BAL,CLE,-376.77,0.1227,BAL,0.8773,15,31,BAL,1
2019,16,2019-12-22,CAR,IND,-6.33,0.5412,IND,0.5412,38,6,IND,1
2019,16,2019-12-22,CIN,MIA,-51.28,0.4766,CIN,0.5234,38,35,MIA,0
2019,16,2019-12-22,PIT,NYJ,-298.8,0.1797,PIT,0.8203,16,10,NYJ,0
2019,16,2019-12-22,NO,TEN,-195.26,0.2844,NO,0.7156,28,38,NO,1
2019,16,2019-12-22,NYG,WAS,-1.94,0.5474,WAS,0.5474,35,41,NYG,0
2019,16,2019-12-22,DET,DEN,41.9,0.6089,DEN,0.6089,27,17,DEN,1
2019,16,2019-12-22,LV,LAC,203.22,0.7976,LAC,0.7976,17,24,LV,0
2019,16,2019-12-22,DAL,PHI,-9.25,0.537,PHI,0.537,17,9,PHI,1
2019,16,2019-12-22,ARI,SEA,288.56,0.8656,SEA,0.8656,13,27,ARI,0
2019,16,2019-12-23,KC,CHI,-174.78,0.309,KC,0.691,3,26,KC,1
2019,16,2019-12-24,GB,MIN,91.1,0.6739,MIN,0.6739,10,23,GB,0
2019,17,2019-12-29,NYJ,BUF,140.81,0.7334,BUF,0.7334,6,13,NYJ,0
2019,17,2019-12-29,NO,CAR,-208.8,0.2688,NO,0.7312,10,42,NO,1
2019,17,2019-12-29,CLE,CIN,61.36,0.6352,CIN,0.6352,33,23,CIN,1
2019,17,2019-12-29,GB,DET,-133.08,0.3625,GB,0.6375,20,23,GB,1
2019,17,2019-12-29,LAC,KC,175.85,0.771,KC,0.771,31,21,KC,1
2019,17,2019-12-29,CHI,MIN,117.9,0.7069,MIN,0.7069,19,21,CHI,0
2019,17,2019-12-29,MIA,NE,433.34,0.9368,NE,0.9368,24,27,MIA,0
2019,17,2019-12-29,ATL,TB,-112.86,0.3898,ATL,0.6102,22,28,ATL,1
2019,17,2019-12-29,PIT,BAL,55.88,0.6279,BAL,0.6279,28,10,BAL,1
2019,17,2019-12-29,WAS,DAL,225.46,0.8175,DAL,0.8175,47,16,DAL,1
2019,17,2019-12-29,LV,DEN,142.57,0.7354,DEN,0.7354,16,15,DEN,1
2019,17,2019-12-29,TEN,HOU,48.05,0.6173,HOU,0.6173,14,35,TEN,0
2019,17,2019-12-29,IND,JAX,-149.28,0.3412,IND,0.6588,38,20,JAX,0
2019,17,2019-12-29,ARI,LAR,179.69,0.7748,LAR,0.7748,31,24,LAR,1
2019,17,2019-12-29,PHI,NYG,-214.25,0.2627,PHI,0.7373,17,34,PHI,1
2019,17,2019-12-30,SF,SEA,137.4,0.7296,SEA,0.7296,21,26,SF,0
2020,1,2020-09-11,HOU,KC,210.2,0.804,KC,0.804,34,20,KC,1
2020,1,2020-09-13,SEA,ATL,-91.02,0.4201,SEA,0.5799,25,38,SEA,1
2020,1,2020-09-13,CLE,BAL,399.78,0.9243,BAL,0.9243,38,6,BAL,1
2020,1,2020-09-13,NYJ,BUF,119.18,0.7084,BUF,0.7084,27,17,BUF,1
2020,1,2020-09-13,LV,CAR,109.94,0.6973,CAR,0.6973,30,34,LV,0
2020,1,2020-09-13,CHI,DET,-86.12,0.427,CHI,0.573,23,27,CHI,1
2020,1,2020-09-13,IND,JAX,-112.51,0.3903,IND,0.6097,27,20,JAX,0
2020,1,2020-09-13,GB,MIN,51.25,0.6216,MIN,0.6216,34,43,GB,0
2020,1,2020-09-13,MIA,NE,418.1,0.9314,NE,0.9314,21,11,NE,1
2020,1,2020-09-13,PHI,WAS,-246.19,0.2287,PHI,0.7713,27,17,WAS,0
2020,1,2020-09-13,LAC,CIN,-136.28,0.3582,LAC,0.6418,13,16,LAC,1
2020,1,2020-09-13,TB,NO,260.65,0.8458,NO,0.8458,34,23,NO,1
2020,1,2020-09-13,ARI,SF,128.03,0.7188,SF,0.7188,20,24,ARI,0
2020,1,2020-09-14,DAL,LAR,-4.17,0.5443,LAR,0.5443,20,17,LAR,1
2020,1,2020-09-14,PIT,NYG,-272.18,0.2034,PIT,0.7966,16,26,PIT,1
2020,1,2020-09-15,TEN,DEN,2.87,0.5543,DEN,0.5543,14,16,TEN,0
2020,2,2020-09-18,CIN,CLE,-74.29,0.4437,CIN,0.5563,35,30,CLE,0
2020,2,2020-09-20,NYG,CHI,160.98,0.7555,CHI,0.7555,17,13,CHI,1
2020,2,2020-09-20,ATL,DAL,38.84,0.6047,DAL,0.6047,40,39,DAL,1
2020,2,2020-09-20,DET,GB,157.11,0.7514,GB,0.7514,42,21,GB,1
2020,2,2020-09-20,MIN,IND,-136.53,0.3579,MIN,0.6421,28,11,IND,0
2020,2,2020-09-20,BUF,MIA,-155.64,0.333,BUF,0.667,28,31,BUF,1
2020,2,2020-09-20,SF,NYJ,-139.86,0.3535,SF,0.6465,13,31,SF,1
2020,2,2020-09-20,LAR,PHI,-7.31,0.5398,PHI,0.5398,19,37,LAR,0
2020,2,2020-09-20,DEN,PIT,151.98,0.7458,PIT,0.7458,26,21,PIT,1
2020,2,2020-09-20,CAR,TB,-25.05,0.5143,TB,0.5143,31,17,TB,1
2020,2,2020-09-20,JAX,TEN,114.34,0.7026,TEN,0.7026,33,30,TEN,1
2020,2,2020-09-20,WAS,ARI,43.01,0.6104,ARI,0.6104,30,15,ARI,1
2020,2,2020-09-20,BAL,HOU,-221.09,0.2552,BAL,0.7448,16,33,BAL,1
2020,2,2020-09-20,KC,LAC,-184.49,0.2972,KC,0.7028,20,23,KC,1
2020,2,2020-09-21,NE,SEA,-117.4,0.3836,NE,0.6164,35,30,SEA,0
2020,2,2020-09-22,NO,LV,-335.22,0.1508,NO,0.8492,34,24,LV,0
2020,3,2020-09-25,MIA,JAX,32.71,0.5962,JAX,0.5962,13,31,MIA,0
2020,3,2020-09-27,CHI,ATL,13.59,0.5695,ATL,0.5695,26,30,CHI,0
2020,3,2020-09-27,LAR,BUF,-93.73,0.4163,LAR,0.5837,35,32,BUF,0
2020,3,2020-09-27,WAS,CLE,-30.93,0.5059,CLE,0.5059,34,20,CLE,1
2020,3,2020-09-27,TEN,MIN,95.01,0.6788,MIN,0.6788,30,31,TEN,0
2020,3,2020-09-27,LV,NE,391.96,0.9211,NE,0.9211,36,20,NE,1
2020,3,2020-09-27,SF,NYG,-166.34,0.3195,SF,0.6805,9,36,SF,1
2020,3,2020-09-27,CIN,PHI,184.41,0.7795,PHI,0.7795,23,23,TIE,0
2020,3,2020-09-27,HOU,PIT,154.67,0.7487,PIT,0.7487,28,21,PIT,1
2020,3,2020-09-27,NYJ,IND,127.12,0.7177,IND,0.7177,36,7,IND,1
2020,3,2020-09-27,CAR,LAC,89.58,0.672,LAC,0.672,16,21,CAR,0
2020,3,2020-09-27,DET,ARI,-5.51,0.5423,ARI,0.5423,23,26,DET,0
2020,3,2020-09-27,TB,DEN,48.63,0.6181,DEN,0.6181,10,28,TB,0
2020,3,2020-09-27,DAL,SEA,77.01,0.6558,SEA,0.6558,38,31,SEA,1
2020,3,2020-09-28,GB,NO,86.19,0.6677,NO,0.6677,30,37,GB,0
2020,3,2020-09-29,KC,BAL,6.0,0.5587,BAL,0.5587,20,34,KC,0
2020,4,2020-10-02,DEN,NYJ,-113.25,0.3893,DEN,0.6107,28,37,DEN,1
2020,4,2020-10-04,ARI,CAR,38.67,0.6045,CAR,0.6045,31,21,CAR,1
2020,4,2020-10-04,JAX,CIN,16.79,0.574,CIN,0.574,33,25,CIN,1
2020,4,2020-10-04,CLE,DAL,246.16,0.8346,DAL,0.8346,38,49,CLE,0
2020,4,2020-10-04,NO,DET,-241.74,0.2332,NO,0.7668,29,35,NO,1
2020,4,2020-10-04,MIN,HOU,-103.79,0.4023,MIN,0.5977,23,31,MIN,1
2020,4,2020-10-04,SEA,MIA,-302.42,0.1766,SEA,0.8234,23,31,SEA,1
2020,4,2020-10-04,LAC,TB,-63.6,0.4589,LAC,0.5411,38,31,TB,0
2020,4,2020-10-04,BAL,WAS,-371.67,0.1259,BAL,0.8741,17,31,BAL,1
2020,4,2020-10-04,NYG,LAR,249.11,0.8369,LAR,0.8369,17,9,LAR,1
2020,4,2020-10-04,IND,CHI,28.86,0.5909,CHI,0.5909,11,19,IND,0
2020,4,2020-10-04,BUF,LV,-146.83,0.3444,BUF,0.6556,23,30,BUF,1
2020,4,2020-10-05,PHI,SF,-26.1,0.5128,SF,0.5128,20,25,PHI,0
2020,4,2020-10-05,NE,KC,-32.16,0.5041,KC,0.5041,26,10,KC,1
2020,4,2020-10-06,ATL,GB,68.83,0.6451,GB,0.6451,30,16,GB,1
2020,5,2020-10-09,TB,CHI,58.28,0.6311,CHI,0.6311,20,19,CHI,1
2020,5,2020-10-11,CAR,ATL,69.72,0.6463,ATL,0.6463,16,23,CAR,0
2020,5,2020-10-11,CIN,BAL,325.95,0.8887,BAL,0.8887,27,3,BAL,1
2020,5,2020-10-11,JAX,HOU,124.27,0.7144,HOU,0.7144,30,14,HOU,1
2020,5,2020-10-11,LV,KC,382.33,0.917,KC,0.917,32,40,LV,0
2020,5,2020-10-11,ARI,NYJ,-51.83,0.4758,ARI,0.5242,10,30,ARI,1
2020,5,2020-10-11,PHI,PIT,77.41,0.6563,PIT,0.6563,38,29,PIT,1
2020,5,2020-10-11,LAR,WAS,-263.46,0.2116,LAR,0.7884,10,30,LAR,1
2020,5,2020-10-11,MIA,SF,168.84,0.7638,SF,0.7638,17,43,MIA,0
2020,5,2020-10-11,IND,CLE,-166.29,0.3196,IND,0.6804,32,23,CLE,0
2020,5,2020-10-11,NYG,DAL,218.6,0.8115,DAL,0.8115,37,34,DAL,1
2020,5,2020-10-12,MIN,SEA,72.33,0.6497,SEA,0.6497,27,26,SEA,1
2020,5,2020-10-13,LAC,NO,160.05,0.7545,NO,0.7545,30,27,NO,1
2020,5,2020-10-13,BUF,TEN,-16.02,0.5273,TEN,0.5273,42,16,TEN,1
2020,6,2020-10-18,CHI,CAR,-60.96,0.4627,CHI,0.5373,16,23,CHI,1
2020,6,2020-10-18,CIN,IND,118.66,0.7078,IND,0.7078,31,27,IND,1
2020,6,2020-10-18,DET,JAX,-74.27,0.4437,DET,0.5563,16,34,DET,1
2020,6,2020-10-18,ATL,MIN,80.3,0.6601,MIN,0.6601,23,40,ATL,0
2020,6,2020-10-18,DEN,NE,274.32,0.8558,NE,0.8558,12,18,DEN,0
2020,6,2020-10-18,WAS,NYG,13.63,0.5695,NYG,0.5695,20,19,NYG,1
2020,6,2020-10-18,BAL,PHI,-151.15,0.3388,BAL,0.6612,28,30,BAL,1
2020,6,2020-10-18,CLE,PIT,294.56,0.8696,PIT,0.8696,38,7,PIT,1
2020,6,2020-10-18,HOU,TEN,36.88,0.602,TEN,0.602,42,36,TEN,1
2020,6,2020-10-18,NYJ,MIA,54.51,0.626,MIA,0.626,24,0,MIA,1
2020,6,2020-10-18,GB,TB,-148.24,0.3426,GB,0.6574,38,10,TB,0
2020,6,2020-10-19,LAR,SF,-100.68,0.4066,LAR,0.5934,24,16,SF,0
2020,6,2020-10-19,KC,BUF,-230.74,0.2448,KC,0.7552,17,26,KC,1
2020,6,2020-10-20,ARI,DAL,150.18,0.7438,DAL,0.7438,10,38,ARI,0
2020,7,2020-10-23,NYG,PHI,214.72,0.8081,PHI,0.8081,22,21,PHI,1
2020,7,2020-10-25,DET,ATL,96.44,0.6806,ATL,0.6806,22,23,DET,0
2020,7,2020-10-25,CLE,CIN,24.98,0.5855,CIN,0.5855,34,37,CLE,0
2020,7,2020-10-25,GB,HOU,-104.07,0.4019,GB,0.5981,20,35,GB,1
2020,7,2020-10-25,CAR,NO,215.74,0.809,NO,0.809,27,24,NO,1
2020,7,2020-10-25,BUF,NYJ,-178.52,0.3045,BUF,0.6955,10,18,BUF,1
2020,7,2020-10-25,PIT,TEN,-129.87,0.3668,PIT,0.6332,24,27,PIT,1
2020,7,2020-10-25,DAL,WAS,-212.13,0.2651,DAL,0.7349,25,3,WAS,0
2020,7,2020-10-25,TB,LV,-110.6,0.3929,TB,0.6071,20,45,TB,1
2020,7,2020-10-25,KC,DEN,-251.01,0.2238,KC,0.7762,16,43,KC,1
2020,7,2020-10-25,JAX,LAC,172.89,0.7679,LAC,0.7679,39,29,LAC,1
2020,7,2020-10-25,SF,NE,224.82,0.8169,NE,0.8169,6,33,SF,0
2020,7,2020-10-26,SEA,ARI,-229.38,0.2462,SEA,0.7538,37,34,ARI,0
2020,7,2020-10-27,CHI,LAR,61.99,0.6361,LAR,0.6361,24,10,LAR,1
2020,8,2020-10-30,ATL,CAR,-71.78,0.4473,ATL,0.5527,17,25,ATL,1
2020,8,2020-11-01,PIT,BAL,56.03,0.6281,BAL,0.6281,24,28,PIT,0
2020,8,2020-11-01,NE,BUF,-208.71,0.2689,NE,0.7311,24,21,BUF,0
2020,8,2020-11-01,TEN,CIN,-151.38,0.3385,TEN,0.6615,31,20,CIN,0
2020,8,2020-11-01,LV,CLE,-0.33,0.5497,CLE,0.5497,6,16,LV,0
2020,8,2020-11-01,IND,DET,-65.15,0.4567,IND,0.5433,21,41,IND,1
2020,8,2020-11-01,MIN,GB,18.3,0.5761,GB,0.5761,22,28,MIN,0
2020,8,2020-11-01,NYJ,KC,430.2,0.9357,KC,0.9357,35,9,KC,1
2020,8,2020-11-01,LAR,MIA,-203.17,0.2753,LAR,0.7247,28,17,MIA,0
2020,8,2020-11-01,LAC,DEN,-33.11,0.5027,DEN,0.5027,31,30,DEN,1
2020,8,2020-11-01,NO,CHI,-150.0,0.3403,NO,0.6597,23,26,NO,1
2020,8,2020-11-01,SF,SEA,122.43,0.7122,SEA,0.7122,37,27,SEA,1
2020,8,2020-11-02,DAL,PHI,46.75,0.6155,PHI,0.6155,23,9,PHI,1
2020,8,2020-11-03,TB,NYG,-155.1,0.3337,TB,0.6663,23,25,TB,1
2020,9,2020-11-06,GB,SF,-49.53,0.4791,GB,0.5209,17,34,GB,1
2020,9,2020-11-08,DEN,ATL,51.91,0.6225,ATL,0.6225,34,27,ATL,1
2020,9,2020-11-08,SEA,BUF,-159.27,0.3284,SEA,0.6716,44,34,BUF,0
2020,9,2020-11-08,BAL,IND,-191.41,0.289,BAL,0.711,10,24,BAL,1
2020,9,2020-11-08,HOU,JAX,-139.67,0.3538,HOU,0.6462,25,27,HOU,1
2020,9,2020-11-08,CAR,KC,299.97,0.8731,KC,0.8731,33,31,KC,1
2020,9,2020-11-08,DET,MIN,159.51,0.7539,MIN,0.7539,34,20,MIN,1
2020,9,2020-11-08,CHI,TEN,-8.8,0.5376,TEN,0.5376,24,17,TEN,1
2020,9,2020-11-08,NYG,WAS,6.45,0.5594,WAS,0.5594,20,23,NYG,0
2020,9,2020-11-08,LV,LAC,134.94,0.7268,LAC,0.7268,26,31,LV,0
2020,9,2020-11-08,MIA,ARI,35.26,0.5998,ARI,0.5998,31,34,MIA,0
2020,9,2020-11-08,PIT,DAL,-163.26,0.3234,PIT,0.6766,19,24,PIT,1
2020,9,2020-11-09,NO,TB,-174.03,0.31,NO,0.69,3,38,NO,1
2020,9,2020-11-10,NE,NYJ,-391.83,0.1136,NE,0.8864,27,30,NE,1
2020,10,2020-11-13,IND,TEN,6.18,0.559,TEN,0.559,17,34,IND,0
2020,10,2020-11-15,TB,CAR,-43.96,0.4871,TB,0.5129,23,46,TB,1
2020,10,2020-11-15,HOU,CLE,-123.16,0.3758,HOU,0.6242,10,7,CLE,0
2020,10,2020-11-15,WAS,DET,77.04,0.6559,DET,0.6559,30,27,DET,1
2020,10,2020-11-15,JAX,GB,272.73,0.8546,GB,0.8546,24,20,GB,1
2020,10,2020-11-15,PHI,NYG,-223.48,0.2526,PHI,0.7474,27,17,NYG,0
2020,10,2020-11-15,BUF,ARI,-79.85,0.4358,BUF,0.5642,32,30,ARI,0
2020,10,2020-11-15,DEN,LV,-94.92,0.4146,DEN,0.5854,37,12,LV,0
2020,10,2020-11-15,LAC,MIA,-77.93,0.4385,LAC,0.5615,29,21,MIA,0
2020,10,2020-11-15,SEA,LAR,-67.64,0.4532,SEA,0.5468,23,16,LAR,0
2020,10,2020-11-15,SF,NO,168.44,0.7633,NO,0.7633,27,13,NO,1
2020,10,2020-11-15,CIN,PIT,287.09,0.8646,PIT,0.8646,36,10,PIT,1
2020,10,2020-11-16,BAL,NE,-12.08,0.5329,NE,0.5329,23,17,NE,1
2020,10,2020-11-17,MIN,CHI,-77.48,0.4392,MIN,0.5608,13,19,MIN,1
2020,11,2020-11-20,ARI,SEA,199.53,0.7941,SEA,0.7941,28,21,SEA,1
2020,11,2020-11-22,TEN,BAL,207.2,0.8013,BAL,0.8013,24,30,TEN,0
2020,11,2020-11-22,DET,CAR,4.92,0.5572,CAR,0.5572,20,0,CAR,1
2020,11,2020-11-22,PHI,CLE,-201.94,0.2767,PHI,0.7233,22,17,CLE,0
2020,11,2020-11-22,NE,HOU,-246.08,0.2288,NE,0.7712,27,20,HOU,0
2020,11,2020-11-22,PIT,JAX,-352.54,0.1385,PIT,0.8615,3,27,PIT,1
2020,11,2020-11-22,ATL,NO,156.07,0.7502,NO,0.7502,24,9,NO,1
2020,11,2020-11-22,CIN,WAS,-43.41,0.4879,CIN,0.5121,20,9,WAS,0
2020,11,2020-11-22,MIA,DEN,24.64,0.585,DEN,0.585,20,13,DEN,1
2020,11,2020-11-22,NYJ,LAC,176.79,0.7719,LAC,0.7719,34,28,LAC,1
2020,11,2020-11-22,GB,IND,-72.45,0.4463,GB,0.5537,34,31,IND,0
2020,11,2020-11-22,DAL,MIN,94.39,0.678,MIN,0.678,28,31,DAL,0
2020,11,2020-11-23,KC,LV,-344.72,0.1439,KC,0.8561,31,35,KC,1
2020,11,2020-11-24,LAR,TB,-90.99,0.4201,LAR,0.5799,24,27,LAR,1
2020,12,2020-11-26,HOU,DET,-68.43,0.452,HOU,0.548,25,41,HOU,1
2020,12,2020-11-26,WAS,DAL,158.89,0.7533,DAL,0.7533,16,41,WAS,0
2020,12,2020-11-29,LV,ATL,132.91,0.7244,ATL,0.7244,43,6,ATL,1
2020,12,2020-11-29,LAC,BUF,26.06,0.587,BUF,0.587,27,17,BUF,1
2020,12,2020-11-29,NYG,CIN,9.53,0.5637,CIN,0.5637,17,19,NYG,0
2020,12,2020-11-29,TEN,IND,21.16,0.5801,IND,0.5801,26,45,TEN,0
2020,12,2020-11-29,CLE,JAX,-43.9,0.4872,CLE,0.5128,25,27,CLE,1
2020,12,2020-11-29,CAR,MIN,147.65,0.7411,MIN,0.7411,28,27,MIN,1
2020,12,2020-11-29,ARI,NE,256.17,0.8424,NE,0.8424,20,17,NE,1
2020,12,2020-11-29,MIA,NYJ,-114.92,0.387,MIA,0.613,3,20,MIA,1
2020,12,2020-11-29,NO,DEN,-240.44,0.2346,NO,0.7654,3,31,NO,1
2020,12,2020-11-29,SF,LAR,85.29,0.6665,LAR,0.6665,20,23,SF,0
2020,12,2020-11-29,KC,TB,-246.42,0.2285,KC,0.7715,24,27,KC,1
2020,12,2020-11-30,CHI,GB,89.12,0.6714,GB,0.6714,41,25,GB,1
2020,12,2020-12-01,SEA,PHI,-101.34,0.4057,SEA,0.5943,17,23,SEA,1
2020,12,2020-12-02,BAL,PIT,-17.87,0.5246,PIT,0.5246,19,14,PIT,1
2020,13,2020-12-06,NO,ATL,-163.72,0.3228,NO,0.6772,16,21,NO,1
2020,13,2020-12-06,DET,CHI,100.92,0.6862,CHI,0.6862,30,34,DET,0
2020,13,2020-12-06,IND,HOU,-27.27,0.5111,HOU,0.5111,20,26,IND,0
2020,13,2020-12-06,CIN,MIA,68.17,0.6443,MIA,0.6443,19,7,MIA,1
2020,13,2020-12-06,JAX,MIN,274.91,0.8562,MIN,0.8562,27,24,MIN,1
2020,13,2020-12-06,LV,NYJ,-90.96,0.4202,LV,0.5798,28,31,LV,1
2020,13,2020-12-06,CLE,TEN,161.17,0.7557,TEN,0.7557,35,41,CLE,0
2020,13,2020-12-06,LAR,ARI,-151.87,0.3379,LAR,0.6621,28,38,LAR,1
2020,13,2020-12-06,NYG,SEA,289.57,0.8663,SEA,0.8663,12,17,NYG,0
2020,13,2020-12-06,PHI,GB,60.27,0.6338,GB,0.6338,30,16,GB,1
2020,13,2020-12-06,NE,LAC,-219.59,0.2568,NE,0.7432,0,45,NE,1
2020,13,2020-12-07,DEN,KC,298.0,0.8718,KC,0.8718,22,16,KC,1
2020,13,2020-12-07,WAS,PIT,313.49,0.8814,PIT,0.8814,17,23,WAS,0
2020,13,2020-12-08,BUF,SF,-1.67,0.5478,SF,0.5478,24,34,BUF,0
2020,13,2020-12-09,DAL,BAL,209.28,0.8032,BAL,0.8032,34,17,BAL,1
2020,14,2020-12-11,NE,LAR,-113.95,0.3883,NE,0.6117,24,3,LAR,0
2020,14,2020-12-13,DEN,CAR,-11.23,0.5342,CAR,0.5342,27,32,DEN,0
2020,14,2020-12-13,HOU,CHI,7.76,0.5612,CHI,0.5612,36,7,CHI,1
2020,14,2020-12-13,DAL,CIN,-120.97,0.3787,DAL,0.6213,7,30,DAL,1
2020,14,2020-12-13,TEN,JAX,-205.61,0.2725,TEN,0.7275,10,31,TEN,1
2020,14,2020-12-13,KC,MIA,-310.85,0.1697,KC,0.8303,27,33,KC,1
2020,14,2020-12-13,ARI,NYG,-60.73,0.463,ARI,0.537,7,26,ARI,1
2020,14,2020-12-13,MIN,TB,-92.6,0.4179,MIN,0.5821,26,14,TB,0
2020,14,2020-12-13,IND,LV,-131.65,0.3644,IND,0.6356,27,44,IND,1
2020,14,2020-12-13,NYJ,SEA,353.44,0.9034,SEA,0.9034,40,3,SEA,1
2020,14,2020-12-13,GB,DET,-207.77,0.27,GB,0.73,24,31,GB,1
2020,14,2020-12-13,ATL,LAC,-72.43,0.4463,ATL,0.5537,20,17,LAC,0
2020,14,2020-12-13,NO,PHI,-179.88,0.3028,NO,0.6972,24,21,PHI,0
2020,14,2020-12-13,WAS,SF,126.98,0.7176,SF,0.7176,15,23,WAS,0
2020,14,2020-12-14,PIT,BUF,-141.36,0.3515,PIT,0.6485,26,15,BUF,0
2020,14,2020-12-15,BAL,CLE,-318.18,0.1638,BAL,0.8362,42,47,BAL,1
2020,15,2020-12-18,LAC,LV,-92.56,0.4179,LAC,0.5821,27,30,LAC,1
2020,15,2020-12-19,BUF,DEN,-90.97,0.4201,BUF,0.5799,19,48,BUF,1
2020,15,2020-12-20,CAR,GB,183.38,0.7785,GB,0.7785,24,16,GB,1
2020,15,2020-12-20,TB,ATL,23.19,0.583,ATL,0.583,27,31,TB,0
2020,15,2020-12-20,JAX,BAL,392.83,0.9215,BAL,0.9215,40,14,BAL,1
2020,15,2020-12-20,SF,DAL,-9.25,0.537,DAL,0.537,41,33,DAL,1
2020,15,2020-12-20,HOU,IND,71.0,0.648,IND,0.648,27,20,IND,1
2020,15,2020-12-20,NE,MIA,-256.87,0.218,NE,0.782,22,12,MIA,0
2020,15,2020-12-20,CHI,MIN,72.04,0.6494,MIN,0.6494,27,33,CHI,0
2020,15,2020-12-20,DET,TEN,128.6,0.7195,TEN,0.7195,46,25,TEN,1
2020,15,2020-12-20,SEA,WAS,-253.18,0.2217,SEA,0.7783,15,20,SEA,1
2020,15,2020-12-20,PHI,ARI,-89.8,0.4218,PHI,0.5782,33,26,ARI,0
2020,15,2020-12-20,NYJ,LAR,331.91,0.8921,LAR,0.8921,20,23,NYJ,0
2020,15,2020-12-20,KC,NO,-47.38,0.4822,KC,0.5178,29,32,KC,1
2020,15,2020-12-21,CLE,NYG,-15.86,0.5275,NYG,0.5275,6,20,CLE,0
2020,15,2020-12-22,PIT,CIN,-319.39,0.1629,PIT,0.8371,27,17,CIN,0
2020,16,2020-12-25,MIN,NO,131.39,0.7227,NO,0.7227,52,33,NO,1
2020,16,2020-12-26,TB,DET,-128.16,0.3691,TB,0.6309,7,47,TB,1
2020,16,2020-12-26,SF,ARI,-32.08,0.5042,ARI,0.5042,12,20,SF,0
2020,16,2020-12-27,MIA,LV,-74.44,0.4435,MIA,0.5565,25,26,MIA,1
2020,16,2020-12-27,NYG,BAL,353.47,0.9035,BAL,0.9035,27,13,BAL,1
2020,16,2020-12-27,CIN,HOU,98.79,0.6836,HOU,0.6836,31,37,CIN,0
2020,16,2020-12-27,CHI,JAX,-212.18,0.265,CHI,0.735,17,41,CHI,1
2020,16,2020-12-27,ATL,KC,230.75,0.822,KC,0.822,17,14,KC,1
2020,16,2020-12-27,CLE,NYJ,-94.15,0.4157,CLE,0.5843,23,16,NYJ,0
2020,16,2020-12-27,IND,PIT,110.37,0.6978,PIT,0.6978,28,24,PIT,1
2020,16,2020-12-27,DEN,LAC,38.75,0.6046,LAC,0.6046,19,16,LAC,1
2020,16,2020-12-27,CAR,WAS,-34.71,0.5004,WAS,0.5004,13,20,CAR,0
2020,16,2020-12-27,PHI,DAL,-31.85,0.5045,DAL,0.5045,37,17,DAL,1
2020,16,2020-12-27,LAR,SEA,39.41,0.6055,SEA,0.6055,20,9,SEA,1
2020,16,2020-12-28,TEN,GB,82.17,0.6625,GB,0.6625,40,14,GB,1
2020,16,2020-12-29,BUF,NE,115.71,0.7042,NE,0.7042,9,38,BUF,0
2020,17,2021-01-03,MIA,BUF,136.93,0.729,BUF,0.729,56,26,BUF,1
2020,17,2021-01-03,BAL,CIN,-335.08,0.1509,BAL,0.8491,3,38,BAL,1
2020,17,2021-01-03,PIT,CLE,-272.04,0.2035,PIT,0.7965,24,22,CLE,0
2020,17,2021-01-03,MIN,DET,-189.38,0.2914,MIN,0.7086,35,37,MIN,1
2020,17,2021-01-03,NYJ,NE,349.16,0.9013,NE,0.9013,28,14,NE,1
2020,17,2021-01-03,DAL,NYG,-169.49,0.3156,DAL,0.6844,23,19,NYG,0
2020,17,2021-01-03,ATL,TB,11.1,0.566,TB,0.566,44,27,TB,1
2020,17,2021-01-03,NO,CAR,-271.91,0.2036,NO,0.7964,7,33,NO,1
2020,17,2021-01-03,GB,CHI,-106.09,0.3991,GB,0.6009,16,35,GB,1
2020,17,2021-01-03,LV,DEN,62.05,0.6361,DEN,0.6361,31,32,LV,0
2020,17,2021-01-03,TEN,HOU,-76.46,0.4406,TEN,0.5594,38,41,TEN,1
2020,17,2021-01-03,JAX,IND,240.64,0.8302,IND,0.8302,28,14,IND,1
2020,17,2021-01-03,LAC,KC,277.11,0.8577,KC,0.8577,21,38,LAC,0
2020,17,2021-01-03,ARI,LAR,153.76,0.7477,LAR,0.7477,18,7,LAR,1
2020,17,2021-01-03,SEA,SF,-159.23,0.3285,SEA,0.6715,23,26,SEA,1
2020,17,2021-01-04,WAS,PHI,129.64,0.7207,PHI,0.7207,14,20,WAS,0
2021,1,2021-09-10,DAL,TB,42.4,0.6096,TB,0.6096,31,29,TB,1
2021,1,2021-09-12,PHI,ATL,9.33,0.5635,ATL,0.5635,6,32,PHI,0
2021,1,2021-09-12,PIT,BUF,-43.45,0.4878,PIT,0.5122,16,23,PIT,1
2021,1,2021-09-12,NYJ,CAR,126.34,0.7168,CAR,0.7168,19,14,CAR,1
2021,1,2021-09-12,MIN,CIN,-202.19,0.2764,MIN,0.7236,27,24,CIN,0
2021,1,2021-09-12,SF,DET,-127.84,0.3695,SF,0.6305,33,41,SF,1
2021,1,2021-09-12,JAX,HOU,151.41,0.7452,HOU,0.7452,37,21,HOU,1
2021,1,2021-09-12,SEA,IND,-124.27,0.3743,SEA,0.6257,16,28,SEA,1
2021,1,2021-09-12,ARI,TEN,83.07,0.6637,TEN,0.6637,13,38,ARI,0
2021,1,2021-09-12,LAC,WAS,-108.57,0.3957,LAC,0.6043,16,20,LAC,1
2021,1,2021-09-12,CLE,KC,353.06,0.9033,KC,0.9033,33,29,KC,1
2021,1,2021-09-12,MIA,NE,211.37,0.8051,NE,0.8051,16,17,MIA,0
2021,1,2021-09-12,GB,NO,72.75,0.6503,NO,0.6503,38,3,NO,1
2021,1,2021-09-12,DEN,NYG,-77.94,0.4385,DEN,0.5615,13,27,DEN,1
2021,1,2021-09-13,CHI,LAR,96.63,0.6809,LAR,0.6809,34,14,LAR,1
2021,1,2021-09-14,BAL,LV,-329.97,0.1547,BAL,0.8453,33,27,LV,0
2021,2,2021-09-17,NYG,WAS,47.53,0.6166,WAS,0.6166,30,29,WAS,1
2021,2,2021-09-19,NO,CAR,-297.64,0.1807,NO,0.8193,26,7,CAR,0
2021,2,2021-09-19,CIN,CHI,133.99,0.7257,CHI,0.7257,20,17,CHI,1
2021,2,2021-09-19,HOU,CLE,-62.71,0.4602,HOU,0.5398,31,21,CLE,0
2021,2,2021-09-19,LAR,IND,-87.53,0.425,LAR,0.575,24,27,LAR,1
2021,2,2021-09-19,DEN,JAX,-157.2,0.3311,DEN,0.6689,13,23,DEN,1
2021,2,2021-09-19,BUF,MIA,-144.18,0.3479,BUF,0.6521,0,35,BUF,1
2021,2,2021-09-19,NE,NYJ,-351.14,0.1395,NE,0.8605,6,25,NE,1
2021,2,2021-09-19,SF,PHI,22.46,0.5819,PHI,0.5819,11,17,SF,0
2021,2,2021-09-19,LV,PIT,264.99,0.849,PIT,0.849,17,26,LV,0
2021,2,2021-09-19,MIN,ARI,-87.99,0.4243,MIN,0.5757,34,33,ARI,0
2021,2,2021-09-19,ATL,TB,60.64,0.6343,TB,0.6343,48,25,TB,1
2021,2,2021-09-19,DAL,LAC,4.34,0.5564,LAC,0.5564,17,20,DAL,0
2021,2,2021-09-19,TEN,SEA,166.05,0.7608,SEA,0.7608,30,33,TEN,0
2021,2,2021-09-20,KC,BAL,-42.92,0.4886,KC,0.5114,36,35,BAL,0
2021,2,2021-09-21,DET,GB,263.24,0.8477,GB,0.8477,35,17,GB,1
2021,3,2021-09-24,CAR,HOU,-16.67,0.5264,HOU,0.5264,9,24,CAR,0
2021,3,2021-09-26,WAS,BUF,217.37,0.8104,BUF,0.8104,43,21,BUF,1
2021,3,2021-09-26,CHI,CLE,-108.46,0.3958,CHI,0.6042,26,6,CLE,0
2021,3,2021-09-26,BAL,DET,-342.72,0.1454,BAL,0.8546,17,19,BAL,1
2021,3,2021-09-26,ARI,JAX,-194.55,0.2853,ARI,0.7147,19,31,ARI,1
2021,3,2021-09-26,LAC,KC,235.03,0.8255,KC,0.8255,24,30,LAC,0
2021,3,2021-09-26,NO,NE,-54.98,0.4713,NO,0.5287,13,28,NO,1
2021,3,2021-09-26,ATL,NYG,-140.7,0.3524,ATL,0.6476,14,17,ATL,1
2021,3,2021-09-26,CIN,PIT,274.83,0.8561,PIT,0.8561,10,24,CIN,0
2021,3,2021-09-26,IND,TEN,-13.63,0.5307,TEN,0.5307,25,16,TEN,1
2021,3,2021-09-26,NYJ,DEN,152.19,0.746,DEN,0.746,26,0,DEN,1
2021,3,2021-09-26,MIA,LV,-32.07,0.5042,LV,0.5042,31,28,LV,1
2021,3,2021-09-26,TB,LAR,57.56,0.6301,LAR,0.6301,34,24,LAR,1
2021,3,2021-09-26,SEA,MIN,-111.76,0.3913,SEA,0.6087,30,17,MIN,0
2021,3,2021-09-27,GB,SF,-118.05,0.3827,GB,0.6173,28,30,GB,1
2021,3,2021-09-28,PHI,DAL,-7.81,0.539,DAL,0.539,41,21,DAL,1
2021,4,2021-10-01,JAX,CIN,110.99,0.6986,CIN,0.6986,24,21,CIN,1
2021,4,2021-10-03,WAS,ATL,96.51,0.6807,ATL,0.6807,30,34,WAS,0
2021,4,2021-10-03,HOU,BUF,191.83,0.7868,BUF,0.7868,40,0,BUF,1
2021,4,2021-10-03,DET,CHI,128.46,0.7193,CHI,0.7193,24,14,CHI,1
2021,4,2021-10-03,CAR,DAL,55.91,0.6279,DAL,0.6279,36,28,DAL,1
2021,4,2021-10-03,IND,MIA,-88.14,0.4241,IND,0.5759,17,27,IND,1
2021,4,2021-10-03,CLE,MIN,150.58,0.7443,MIN,0.7443,7,14,CLE,0
2021,4,2021-10-03,NYG,NO,386.01,0.9186,NO,0.9186,21,27,NYG,0
2021,4,2021-10-03,TEN,NYJ,-234.15,0.2411,TEN,0.7589,27,24,NYJ,0
2021,4,2021-10-03,KC,PHI,-223.77,0.2523,KC,0.7477,30,42,KC,1
2021,4,2021-10-03,ARI,LAR,150.97,0.7447,LAR,0.7447,20,37,ARI,0
2021,4,2021-10-03,SEA,SF,-141.27,0.3517,SEA,0.6483,21,28,SEA,1
2021,4,2021-10-03,BAL,DEN,-246.25,0.2286,BAL,0.7714,7,23,BAL,1
2021,4,2021-10-03,PIT,GB,10.39,0.565,GB,0.565,27,17,GB,1
2021,4,2021-10-04,TB,NE,83.66,0.6644,NE,0.6644,17,19,TB,0
2021,4,2021-10-05,LV,LAC,104.24,0.6903,LAC,0.6903,28,14,LAC,1
2021,5,2021-10-08,LAR,SEA,44.35,0.6123,SEA,0.6123,17,26,LAR,0
2021,5,2021-10-10,NYJ,ATL,181.21,0.7764,ATL,0.7764,27,20,ATL,1
2021,5,2021-10-10,PHI,CAR,-35.36,0.4995,PHI,0.5005,18,21,PHI,1
2021,5,2021-10-10,GB,CIN,-255.62,0.2193,GB,0.7807,22,25,GB,1
2021,5,2021-10-10,NE,HOU,-221.88,0.2543,NE,0.7457,22,25,NE,1
2021,5,2021-10-10,TEN,JAX,-244.55,0.2304,TEN,0.7696,19,37,TEN,1
2021,5,2021-10-10,DET,MIN,202.21,0.7967,MIN,0.7967,19,17,MIN,1
2021,5,2021-10-10,DEN,PIT,163.0,0.7576,PIT,0.7576,27,19,PIT,1
2021,5,2021-10-10,MIA,TB,143.37,0.7363,TB,0.7363,45,17,TB,1
2021,5,2021-10-10,NO,WAS,-316.13,0.1654,NO,0.8346,22,33,NO,1
2021,5,2021-10-10,CLE,LAC,92.9,0.6762,LAC,0.6762,47,42,LAC,1
2021,5,2021-10-10,CHI,LV,-90.99,0.4201,CHI,0.5799,9,20,CHI,1
2021,5,2021-10-10,SF,ARI,-5.17,0.5428,ARI,0.5428,17,10,ARI,1
2021,5,2021-10-10,NYG,DAL,184.24,0.7794,DAL,0.7794,44,20,DAL,1
2021,5,2021-10-11,BUF,KC,106.06,0.6925,KC,0.6925,20,38,BUF,0
2021,5,2021-10-12,IND,BAL,183.1,0.7783,BAL,0.7783,31,25,BAL,1
2021,6,2021-10-15,TB,PHI,-70.55,0.449,TB,0.551,22,28,TB,1
2021,6,2021-10-17,MIA,JAX,-147.36,0.3437,MIA,0.6563,23,20,JAX,0
2021,6,2021-10-17,LAC,BAL,188.06,0.7831,BAL,0.7831,34,6,BAL,1
2021,6,2021-10-17,MIN,CAR,-100.47,0.4069,MIN,0.5931,28,34,MIN,1
2021,6,2021-10-17,GB,CHI,-143.66,0.3485,GB,0.6515,14,24,GB,1
2021,6,2021-10-17,CIN,DET,-33.14,0.5027,DET,0.5027,11,34,CIN,0
2021,6,2021-10-17,HOU,IND,111.16,0.6988,IND,0.6988,31,3,IND,1
2021,6,2021-10-17,LAR,NYG,-282.82,0.1936,LAR,0.8064,11,38,LAR,1
2021,6,2021-10-17,KC,WAS,-320.46,0.162,KC,0.838,13,31,KC,1
2021,6,2021-10-17,ARI,CLE,-83.08,0.4312,ARI,0.5688,14,37,ARI,1
2021,6,2021-10-17,LV,DEN,55.67,0.6276,DEN,0.6276,24,34,LV,0
2021,6,2021-10-17,DAL,NE,100.8,0.6861,NE,0.6861,29,35,DAL,0
2021,6,2021-10-18,SEA,PIT,-25.84,0.5132,PIT,0.5132,23,20,PIT,1
2021,6,2021-10-19,BUF,TEN,-124.1,0.3745,BUF,0.6255,34,31,TEN,0
2021,7,2021-10-22,DEN,CLE,-28.13,0.5099,CLE,0.5099,17,14,CLE,1
2021,7,2021-10-24,CIN,BAL,316.57,0.8833,BAL,0.8833,17,41,CIN,0
2021,7,2021-10-24,WAS,GB,263.06,0.8476,GB,0.8476,24,10,GB,1
2021,7,2021-10-24,ATL,MIA,-74.84,0.4429,ATL,0.5571,28,30,ATL,1
2021,7,2021-10-24,NYJ,NE,337.32,0.895,NE,0.895,54,13,NE,1
2021,7,2021-10-24,CAR,NYG,-117.7,0.3832,CAR,0.6168,25,3,NYG,0
2021,7,2021-10-24,KC,TEN,-189.74,0.291,KC,0.709,27,3,TEN,0
2021,7,2021-10-24,DET,LAR,295.41,0.8701,LAR,0.8701,28,19,LAR,1
2021,7,2021-10-24,PHI,LV,-92.11,0.4185,PHI,0.5815,33,22,LV,0
2021,7,2021-10-24,HOU,ARI,120.17,0.7096,ARI,0.7096,31,5,ARI,1
2021,7,2021-10-24,CHI,TB,86.26,0.6677,TB,0.6677,38,3,TB,1
2021,7,2021-10-25,IND,SF,-38.29,0.4953,IND,0.5047,18,30,IND,1
2021,7,2021-10-26,NO,SEA,-75.36,0.4422,NO,0.5578,10,13,NO,1
2021,8,2021-10-29,GB,ARI,-123.52,0.3753,GB,0.6247,21,24,GB,1
2021,8,2021-10-31,CAR,ATL,53.0,0.624,ATL,0.624,13,19,CAR,0
2021,8,2021-10-31,MIA,BUF,237.66,0.8277,BUF,0.8277,26,11,BUF,1
2021,8,2021-10-31,SF,CHI,-4.9,0.5432,CHI,0.5432,22,33,SF,0
2021,8,2021-10-31,PIT,CLE,-210.83,0.2666,PIT,0.7334,10,15,PIT,1
2021,8,2021-10-31,PHI,DET,-152.71,0.3368,PHI,0.6632,6,44,PHI,1
2021,8,2021-10-31,LAR,HOU,-240.59,0.2344,LAR,0.7656,22,38,LAR,1
2021,8,2021-10-31,TEN,IND,-4.81,0.5433,IND,0.5433,31,34,TEN,0
2021,8,2021-10-31,CIN,NYJ,-141.38,0.3515,CIN,0.6485,34,31,NYJ,0
2021,8,2021-10-31,NE,LAC,-117.33,0.3837,NE,0.6163,24,27,NE,1
2021,8,2021-10-31,JAX,SEA,363.55,0.9084,SEA,0.9084,31,7,SEA,1
2021,8,2021-10-31,WAS,DEN,45.28,0.6135,DEN,0.6135,17,10,DEN,1
2021,8,2021-10-31,TB,NO,123.71,0.7137,NO,0.7137,36,27,NO,1
2021,8,2021-11-01,DAL,MIN,15.8,0.5726,MIN,0.5726,16,20,DAL,0
2021,8,2021-11-02,NYG,KC,339.9,0.8964,KC,0.8964,20,17,KC,1
2021,9,2021-11-05,NYJ,IND,245.78,0.8343,IND,0.8343,45,30,IND,1
2021,9,2021-11-07,MIN,BAL,137.64,0.7298,BAL,0.7298,34,31,BAL,1
2021,9,2021-11-07,NE,CAR,-198.01,0.2812,NE,0.7188,6,24,NE,1
2021,9,2021-11-07,CLE,CIN,12.16,0.5675,CIN,0.5675,16,41,CLE,0
2021,9,2021-11-07,DEN,DAL,117.91,0.7069,DAL,0.7069,16,30,DEN,0
2021,9,2021-11-07,BUF,JAX,-373.8,0.1245,BUF,0.8755,9,6,JAX,0
2021,9,2021-11-07,HOU,MIA,11.84,0.567,MIA,0.567,17,9,MIA,1
2021,9,2021-11-07,ATL,NO,249.57,0.8373,NO,0.8373,25,27,ATL,0
2021,9,2021-11-07,LV,NYG,-64.23,0.458,LV,0.542,23,16,NYG,0
2021,9,2021-11-07,LAC,PHI,-11.87,0.5332,PHI,0.5332,24,27,LAC,0
2021,9,2021-11-07,GB,KC,35.74,0.6004,KC,0.6004,13,7,KC,1
2021,9,2021-11-07,ARI,SF,-30.95,0.5058,SF,0.5058,17,31,ARI,0
2021,9,2021-11-08,TEN,LAR,80.22,0.66,LAR,0.66,16,28,TEN,0
2021,9,2021-11-09,CHI,PIT,159.42,0.7538,PIT,0.7538,29,27,PIT,1
2021,10,2021-11-12,BAL,MIA,-292.39,0.1852,BAL,0.8148,22,10,MIA,0
2021,10,2021-11-14,ATL,DAL,57.07,0.6295,DAL,0.6295,43,3,DAL,1
2021,10,2021-11-14,JAX,IND,267.64,0.851,IND,0.851,23,17,IND,1
2021,10,2021-11-14,CLE,NE,214.33,0.8077,NE,0.8077,45,7,NE,1
2021,10,2021-11-14,BUF,NYJ,-343.82,0.1446,BUF,0.8554,17,45,BUF,1
2021,10,2021-11-14,DET,PIT,313.73,0.8816,PIT,0.8816,16,16,TIE,0
2021,10,2021-11-14,NO,TEN,-146.99,0.3442,NO,0.6558,23,21,TEN,0
2021,10,2021-11-14,TB,WAS,-211.51,0.2658,TB,0.7342,29,19,WAS,0
2021,10,2021-11-14,CAR,ARI,108.05,0.695,ARI,0.695,10,34,CAR,0
2021,10,2021-11-14,MIN,LAC,-35.57,0.4992,MIN,0.5008,20,27,MIN,1
2021,10,2021-11-14,PHI,DEN,-41.78,0.4902,PHI,0.5098,13,30,PHI,1
2021,10,2021-11-14,SEA,GB,15.76,0.5725,GB,0.5725,17,0,GB,1
2021,10,2021-11-15,KC,LV,-292.22,0.1853,KC,0.8147,14,41,KC,1
2021,10,2021-11-16,LAR,SF,-139.48,0.354,LAR,0.646,31,10,SF,0
2021,11,2021-11-19,NE,ATL,-191.02,0.2894,NE,0.7106,0,25,NE,1
2021,11,2021-11-21,IND,BUF,93.72,0.6772,BUF,0.6772,15,41,IND,0
2021,11,2021-11-21,WAS,CAR,62.86,0.6372,CAR,0.6372,21,27,WAS,0
2021,11,2021-11-21,BAL,CHI,-215.06,0.2618,BAL,0.7382,13,16,BAL,1
2021,11,2021-11-21,DET,CLE,106.89,0.6936,CLE,0.6936,13,10,CLE,1
2021,11,2021-11-21,SF,JAX,-229.42,0.2462,SF,0.7538,10,30,SF,1
2021,11,2021-11-21,GB,MIN,-102.58,0.404,GB,0.596,34,31,MIN,0
2021,11,2021-11-21,MIA,NYJ,-134.37,0.3608,MIA,0.6392,17,24,MIA,1
2021,11,2021-11-21,NO,PHI,-202.93,0.2755,NO,0.7245,40,29,PHI,0
2021,11,2021-11-21,HOU,TEN,199.15,0.7938,TEN,0.7938,13,22,HOU,0
2021,11,2021-11-21,CIN,LV,0.51,0.5509,LV,0.5509,13,32,CIN,0
2021,11,2021-11-21,DAL,KC,149.39,0.743,KC,0.743,19,9,KC,1
2021,11,2021-11-21,ARI,SEA,107.97,0.6949,SEA,0.6949,13,23,ARI,0
2021,11,2021-11-22,PIT,LAC,-119.67,0.3805,PIT,0.6195,41,37,LAC,0
2021,11,2021-11-23,NYG,TB,215.76,0.809,TB,0.809,30,10,TB,1
2021,12,2021-11-25,CHI,DET,-150.71,0.3394,CHI,0.6606,14,16,CHI,1
2021,12,2021-11-25,LV,DAL,167.57,0.7624,DAL,0.7624,33,36,LV,0
2021,12,2021-11-26,BUF,NO,82.84,0.6634,NO,0.6634,6,31,BUF,0
2021,12,2021-11-28,PIT,CIN,-204.0,0.2743,PIT,0.7257,41,10,CIN,0
2021,12,2021-11-28,NYJ,HOU,110.29,0.6977,HOU,0.6977,14,21,NYJ,0
2021,12,2021-11-28,TB,IND,-12.86,0.5318,IND,0.5318,31,38,TB,0
2021,12,2021-11-28,ATL,JAX,-185.66,0.2958,ATL,0.7042,14,21,ATL,1
2021,12,2021-11-28,CAR,MIA,-20.54,0.5208,MIA,0.5208,33,10,MIA,1
2021,12,2021-11-28,TEN,NE,100.03,0.6851,NE,0.6851,36,13,NE,1
2021,12,2021-11-28,PHI,NYG,-166.65,0.3191,PHI,0.6809,13,7,NYG,0
2021,12,2021-11-28,LAC,DEN,-78.59,0.4376,LAC,0.5624,28,13,DEN,0
2021,12,2021-11-28,LAR,GB,55.87,0.6279,GB,0.6279,36,28,GB,1
2021,12,2021-11-28,MIN,SF,-58.02,0.4669,MIN,0.5331,34,26,SF,0
2021,12,2021-11-29,CLE,BAL,257.85,0.8437,BAL,0.8437,16,10,BAL,1
2021,12,2021-11-30,SEA,WAS,-210.34,0.2671,SEA,0.7329,17,15,WAS,0
2021,13,2021-12-03,DAL,NO,129.52,0.7205,NO,0.7205,17,27,DAL,0
2021,13,2021-12-05,TB,ATL,-134.1,0.3611,TB,0.6389,17,30,TB,1
2021,13,2021-12-05,ARI,CHI,-63.51,0.4591,ARI,0.5409,22,33,ARI,1
2021,13,2021-12-05,LAC,CIN,-55.74,0.4702,LAC,0.5298,22,41,LAC,1
2021,13,2021-12-05,MIN,DET,-249.32,0.2255,MIN,0.7745,29,27,DET,0
2021,13,2021-12-05,IND,HOU,-181.01,0.3014,IND,0.6986,0,31,IND,1
2021,13,2021-12-05,NYG,MIA,76.95,0.6558,MIA,0.6558,20,9,MIA,1
2021,13,2021-12-05,PHI,NYJ,-222.87,0.2532,PHI,0.7468,18,33,PHI,1
2021,13,2021-12-05,JAX,LAR,333.61,0.893,LAR,0.893,37,7,LAR,1
2021,13,2021-12-05,WAS,LV,-15.74,0.5277,LV,0.5277,15,17,WAS,0
2021,13,2021-12-05,BAL,PIT,-92.01,0.4187,BAL,0.5813,20,19,PIT,0
2021,13,2021-12-05,SF,SEA,85.79,0.6671,SEA,0.6671,30,23,SEA,1
2021,13,2021-12-06,DEN,KC,257.84,0.8437,KC,0.8437,22,9,KC,1
2021,13,2021-12-07,NE,BUF,-35.6,0.4991,NE,0.5009,10,14,NE,1
2021,14,2021-12-10,PIT,MIN,-45.4,0.485,PIT,0.515,36,28,MIN,0
2021,14,2021-12-12,ATL,CAR,-19.9,0.5217,CAR,0.5217,21,29,ATL,0
2021,14,2021-12-12,BAL,CLE,-257.27,0.2176,BAL,0.7824,24,22,CLE,0
2021,14,2021-12-12,SEA,HOU,-243.12,0.2318,SEA,0.7682,13,33,SEA,1
2021,14,2021-12-12,LV,KC,327.05,0.8893,KC,0.8893,48,9,KC,1
2021,14,2021-12-12,NO,NYJ,-376.67,0.1227,NO,0.8773,9,30,NO,1
2021,14,2021-12-12,JAX,TEN,294.16,0.8693,TEN,0.8693,20,0,TEN,1
2021,14,2021-12-12,DAL,WAS,-145.36,0.3463,DAL,0.6537,20,27,DAL,1
2021,14,2021-12-12,DET,DEN,134.03,0.7257,DEN,0.7257,38,10,DEN,1
2021,14,2021-12-12,NYG,LAC,158.24,0.7526,LAC,0.7526,37,21,LAC,1
2021,14,2021-12-12,SF,CIN,-82.73,0.4317,SF,0.5683,23,26,SF,1
2021,14,2021-12-12,BUF,TB,-32.37,0.5038,TB,0.5038,33,27,TB,1
2021,14,2021-12-13,CHI,GB,208.23,0.8022,GB,0.8022,45,30,GB,1
2021,14,2021-12-14,LAR,ARI,-60.09,0.464,LAR,0.536,23,30,LAR,1
2021,15,2021-12-17,KC,LAC,-195.53,0.2841,KC,0.7159,28,34,KC,1
2021,15,2021-12-19,NE,IND,-107.15,0.3976,NE,0.6024,27,17,IND,0
2021,15,2021-12-19,CAR,BUF,204.47,0.7988,BUF,0.7988,31,14,BUF,1
2021,15,2021-12-19,ARI,DET,-226.13,0.2497,ARI,0.7503,30,12,DET,0
2021,15,2021-12-19,HOU,JAX,-105.59,0.3998,HOU,0.6002,16,30,HOU,1
2021,15,2021-12-19,NYJ,MIA,168.37,0.7633,MIA,0.7633,31,24,MIA,1
2021,15,2021-12-19,DAL,NYG,-210.72,0.2667,DAL,0.7333,6,21,DAL,1
2021,15,2021-12-19,TEN,PIT,32.13,0.5954,PIT,0.5954,19,13,PIT,1
2021,15,2021-12-19,CIN,DEN,32.64,0.5961,DEN,0.5961,10,15,CIN,0
2021,15,2021-12-19,ATL,SF,61.16,0.635,SF,0.635,31,13,SF,1
2021,15,2021-12-19,GB,BAL,5.42,0.5579,BAL,0.5579,30,31,GB,0
2021,15,2021-12-20,NO,TB,-57.43,0.4678,NO,0.5322,0,9,NO,1
2021,15,2021-12-20,LV,CLE,47.64,0.6167,CLE,0.6167,14,16,LV,0
2021,15,2021-12-21,MIN,CHI,-109.83,0.3939,MIN,0.6061,9,17,MIN,1
2021,15,2021-12-22,SEA,LAR,-9.86,0.5361,LAR,0.5361,20,10,LAR,1
2021,15,2021-12-22,WAS,PHI,111.86,0.6996,PHI,0.6996,27,17,PHI,1
2021,16,2021-12-24,SF,TEN,20.81,0.5796,TEN,0.5796,20,17,TEN,1
2021,16,2021-12-25,CLE,GB,248.97,0.8368,GB,0.8368,24,22,GB,1
2021,16,2021-12-26,IND,ARI,-72.45,0.4463,IND,0.5537,16,22,IND,1
2021,16,2021-12-26,DET,ATL,122.21,0.712,ATL,0.712,20,16,ATL,1
2021,16,2021-12-26,TB,CAR,-183.42,0.2985,TB,0.7015,6,32,TB,1
2021,16,2021-12-26,BAL,CIN,-234.78,0.2405,BAL,0.7595,41,21,CIN,0
2021,16,2021-12-26,LAC,HOU,-148.29,0.3425,LAC,0.6575,41,29,HOU,0
2021,16,2021-12-26,LAR,MIN,-48.34,0.4808,LAR,0.5192,23,30,LAR,1
2021,16,2021-12-26,BUF,NE,39.11,0.6051,NE,0.6051,21,33,BUF,0
2021,16,2021-12-26,JAX,NYJ,32.04,0.5953,NYJ,0.5953,26,21,NYJ,1
2021,16,2021-12-26,NYG,PHI,178.39,0.7735,PHI,0.7735,34,10,PHI,1
2021,16,2021-12-26,CHI,SEA,162.66,0.7573,SEA,0.7573,24,25,CHI,0
2021,16,2021-12-26,PIT,KC,127.92,0.7187,KC,0.7187,36,10,KC,1
2021,16,2021-12-26,DEN,LV,-64.05,0.4583,DEN,0.5417,17,13,LV,0
2021,16,2021-12-27,WAS,DAL,167.94,0.7628,DAL,0.7628,56,14,DAL,1
2021,16,2021-12-28,MIA,NO,220.35,0.813,NO,0.813,3,20,MIA,0
2021,17,2022-01-02,LAR,BAL,23.81,0.5838,BAL,0.5838,19,20,LAR,0
2021,17,2022-01-02,ATL,BUF,191.18,0.7862,BUF,0.7862,29,15,BUF,1
2021,17,2022-01-02,NYG,CHI,111.21,0.6988,CHI,0.6988,29,3,CHI,1
2021,17,2022-01-02,KC,CIN,-275.49,0.2003,KC,0.7997,34,31,CIN,0
2021,17,2022-01-02,LV,IND,196.64,0.7914,IND,0.7914,20,23,LV,0
2021,17,2022-01-02,JAX,NE,414.46,0.93,NE,0.93,50,10,NE,1
2021,17,2022-01-02,TB,NYJ,-325.37,0.1582,TB,0.8418,24,28,TB,1
2021,17,2022-01-02,MIA,TEN,82.19,0.6625,TEN,0.6625,34,3,TEN,1
2021,17,2022-01-02,PHI,WAS,-141.66,0.3511,PHI,0.6489,16,20,PHI,1
2021,17,2022-01-02,DEN,LAC,59.75,0.6331,LAC,0.6331,34,13,LAC,1
2021,17,2022-01-02,HOU,SF,140.35,0.7329,SF,0.7329,23,7,SF,1
2021,17,2022-01-02,ARI,DAL,75.71,0.6541,DAL,0.6541,22,25,ARI,0
2021,17,2022-01-02,CAR,NO,249.48,0.8372,NO,0.8372,18,10,NO,1
2021,17,2022-01-02,DET,SEA,280.07,0.8598,SEA,0.8598,51,29,SEA,1
2021,17,2022-01-03,MIN,GB,114.22,0.7024,GB,0.7024,37,10,GB,1
2021,17,2022-01-04,CLE,PIT,161.55,0.7561,PIT,0.7561,26,14,PIT,1
2021,18,2022-01-08,KC,DEN,-290.98,0.1864,KC,0.8136,24,28,KC,1
2021,18,2022-01-09,DAL,PHI,-38.34,0.4952,DAL,0.5048,26,51,DAL,1
2021,18,2022-01-09,PIT,BAL,54.52,0.6261,BAL,0.6261,13,16,PIT,0
2021,18,2022-01-09,CIN,CLE,-46.02,0.4842,CIN,0.5158,21,16,CLE,0
2021,18,2022-01-09,GB,DET,-366.94,0.1289,GB,0.8711,37,30,DET,0
2021,18,2022-01-09,TEN,HOU,-190.56,0.29,TEN,0.71,25,28,TEN,1
2021,18,2022-01-09,IND,JAX,-346.26,0.1429,IND,0.8571,26,11,JAX,0
2021,18,2022-01-09,CHI,MIN,88.64,0.6708,MIN,0.6708,31,17,MIN,1
2021,18,2022-01-09,WAS,NYG,-57.68,0.4674,WAS,0.5326,7,22,WAS,1
2021,18,2022-01-09,SEA,ARI,-94.26,0.4155,SEA,0.5845,30,38,SEA,1
2021,18,2022-01-09,NO,ATL,-209.55,0.268,NO,0.732,20,30,NO,1
2021,18,2022-01-09,NYJ,BUF,365.37,0.9093,BUF,0.9093,27,10,BUF,1
2021,18,2022-01-09,SF,LAR,97.54,0.682,LAR,0.682,24,27,SF,0
2021,18,2022-01-09,NE,MIA,-198.61,0.2805,NE,0.7195,33,24,MIA,0
2021,18,2022-01-09,CAR,TB,208.5,0.8025,TB,0.8025,41,17,TB,1
2021,18,2022-01-10,LAC,LV,-114.51,0.3875,LAC,0.6125,35,32,LV,0
2022,1,2022-09-09,BUF,LAR,-26.54,0.5122,LAR,0.5122,10,31,BUF,0
2022,1,2022-09-11,NO,ATL,-219.31,0.2571,NO,0.7429,26,27,NO,1
2022,1,2022-09-11,CLE,CAR,-29.89,0.5074,CAR,0.5074,24,26,CLE,0
2022,1,2022-09-11,SF,CHI,-85.33,0.4281,SF,0.5719,19,10,CHI,0
2022,1,2022-09-11,PIT,CIN,-139.07,0.3546,PIT,0.6454,20,23,PIT,1
2022,1,2022-09-11,PHI,DET,-187.06,0.2941,PHI,0.7059,35,38,PHI,1
2022,1,2022-09-11,IND,HOU,-189.98,0.2907,IND,0.7093,20,20,TIE,1
2022,1,2022-09-11,NE,MIA,-173.84,0.3102,NE,0.6898,20,7,MIA,0
2022,1,2022-09-11,BAL,NYJ,-358.01,0.1348,BAL,0.8652,9,24,BAL,1
2022,1,2022-09-11,JAX,WAS,142.56,0.7354,WAS,0.7354,28,22,WAS,1
2022,1,2022-09-11,KC,ARI,-221.74,0.2545,KC,0.7455,21,44,KC,1
2022,1,2022-09-11,LV,LAC,101.63,0.6871,LAC,0.6871,24,19,LAC,1
2022,1,2022-09-11,GB,MIN,-116.48,0.3849,GB,0.6151,23,7,MIN,0
2022,1,2022-09-11,NYG,TEN,255.49,0.8419,TEN,0.8419,20,21,NYG,0
2022,1,2022-09-12,TB,DAL,-22.99,0.5173,DAL,0.5173,3,19,TB,0
2022,1,2022-09-13,DEN,SEA,181.82,0.777,SEA,0.777,17,16,SEA,1
2022,2,2022-09-16,LAC,KC,220.53,0.8132,KC,0.8132,27,24,KC,1
2022,2,2022-09-18,MIA,BAL,153.88,0.7479,BAL,0.7479,38,42,MIA,0
2022,2,2022-09-18,NYJ,CLE,153.63,0.7476,CLE,0.7476,30,31,NYJ,0
2022,2,2022-09-18,WAS,DET,-75.03,0.4426,WAS,0.5574,36,27,DET,0
2022,2,2022-09-18,IND,JAX,-312.89,0.168,IND,0.832,24,0,JAX,0
2022,2,2022-09-18,TB,NO,31.93,0.5951,NO,0.5951,10,20,TB,0
2022,2,2022-09-18,CAR,NYG,-68.93,0.4513,CAR,0.5487,19,16,NYG,0
2022,2,2022-09-18,NE,PIT,-30.21,0.5069,PIT,0.5069,14,17,NE,0
2022,2,2022-09-18,ATL,LAR,165.42,0.7602,LAR,0.7602,31,27,LAR,1
2022,2,2022-09-18,SEA,SF,-87.19,0.4254,SEA,0.5746,27,7,SF,0
2022,2,2022-09-18,CIN,DAL,125.57,0.7159,DAL,0.7159,20,17,DAL,1
2022,2,2022-09-18,HOU,DEN,54.89,0.6266,DEN,0.6266,16,9,DEN,1
2022,2,2022-09-18,ARI,LV,-92.36,0.4182,ARI,0.5818,23,29,ARI,1
2022,2,2022-09-19,CHI,GB,193.58,0.7885,GB,0.7885,27,10,GB,1
2022,2,2022-09-19,TEN,BUF,100.03,0.6851,BUF,0.6851,41,7,BUF,1
2022,2,2022-09-20,MIN,PHI,-53.54,0.4733,MIN,0.5267,24,7,PHI,0
2022,3,2022-09-23,PIT,CLE,-169.08,0.3161,PIT,0.6839,29,17,CLE,0
2022,3,2022-09-25,NO,CAR,-266.28,0.2089,NO,0.7911,22,14,CAR,0
2022,3,2022-09-25,HOU,CHI,89.3,0.6716,CHI,0.6716,23,20,CHI,1
2022,3,2022-09-25,KC,IND,-196.42,0.2831,KC,0.7169,20,17,IND,0
2022,3,2022-09-25,BUF,MIA,-185.03,0.2966,BUF,0.7034,21,19,MIA,0
2022,3,2022-09-25,DET,MIN,220.76,0.8134,MIN,0.8134,28,24,MIN,1
2022,3,2022-09-25,BAL,NE,3.4,0.555,NE,0.555,26,37,BAL,0
2022,3,2022-09-25,CIN,NYJ,-168.64,0.3166,CIN,0.6834,12,27,CIN,1
2022,3,2022-09-25,LV,TEN,154.14,0.7482,TEN,0.7482,24,22,TEN,1
2022,3,2022-09-25,PHI,WAS,-143.61,0.3486,PHI,0.6514,8,24,PHI,1
2022,3,2022-09-25,JAX,LAC,234.62,0.8252,LAC,0.8252,10,38,JAX,0
2022,3,2022-09-25,LAR,ARI,-104.65,0.4011,LAR,0.5989,12,20,LAR,1
2022,3,2022-09-25,ATL,SEA,159.95,0.7544,SEA,0.7544,23,27,ATL,0
2022,3,2022-09-25,GB,TB,-20.38,0.521,TB,0.521,12,14,GB,0
2022,3,2022-09-26,SF,DEN,-109.91,0.3938,SF,0.6062,11,10,DEN,0
2022,3,2022-09-27,DAL,NYG,-254.08,0.2208,DAL,0.7792,16,23,DAL,1
2022,4,2022-09-30,MIA,CIN,-42.59,0.4891,MIA,0.5109,27,15,CIN,0
2022,4,2022-10-02,MIN,NO,78.46,0.6577,NO,0.6577,25,28,MIN,0
2022,4,2022-10-02,CLE,ATL,5.97,0.5587,ATL,0.5587,23,20,ATL,1
2022,4,2022-10-02,BUF,BAL,-29.65,0.5077,BAL,0.5077,20,23,BUF,0
2022,4,2022-10-02,WAS,DAL,202.28,0.7967,DAL,0.7967,25,10,DAL,1
2022,4,2022-10-02,SEA,DET,-253.13,0.2217,SEA,0.7783,45,48,SEA,1
2022,4,2022-10-02,LAC,HOU,-118.03,0.3827,LAC,0.6173,24,34,LAC,1
2022,4,2022-10-02,TEN,IND,-7.56,0.5394,IND,0.5394,17,24,TEN,0
2022,4,2022-10-02,CHI,NYG,-137.61,0.3565,CHI,0.6435,20,12,NYG,0
2022,4,2022-10-02,JAX,PHI,238.26,0.8282,PHI,0.8282,29,21,PHI,1
2022,4,2022-10-02,NYJ,PIT,305.53,0.8766,PIT,0.8766,20,24,NYJ,0
2022,4,2022-10-02,ARI,CAR,-99.43,0.4083,ARI,0.5917,16,26,ARI,1
2022,4,2022-10-02,NE,GB,44.06,0.6119,GB,0.6119,27,24,GB,1
2022,4,2022-10-02,DEN,LV,-44.45,0.4864,DEN,0.5136,32,23,LV,0
2022,4,2022-10-03,KC,TB,-91.82,0.419,KC,0.581,31,41,KC,1
2022,4,2022-10-04,LAR,SF,-73.28,0.4451,LAR,0.5549,24,9,SF,0
2022,5,2022-10-07,IND,DEN,-107.4,0.3973,IND,0.6027,9,12,IND,1
2022,5,2022-10-09,NYG,GB,336.59,0.8946,GB,0.8946,22,27,NYG,0
2022,5,2022-10-09,PIT,BUF,108.36,0.6953,BUF,0.6953,38,3,BUF,1
2022,5,2022-10-09,LAC,CLE,-56.99,0.4684,LAC,0.5316,28,30,LAC,1
2022,5,2022-10-09,HOU,JAX,-55.23,0.4709,HOU,0.5291,6,13,HOU,1
2022,5,2022-10-09,CHI,MIN,115.78,0.7043,MIN,0.7043,29,22,MIN,1
2022,5,2022-10-09,DET,NE,286.1,0.8639,NE,0.8639,29,0,NE,1
2022,5,2022-10-09,SEA,NO,41.15,0.6079,NO,0.6079,39,32,NO,1
2022,5,2022-10-09,MIA,NYJ,-206.11,0.2719,MIA,0.7281,40,17,NYJ,0
2022,5,2022-10-09,ATL,TB,179.01,0.7742,TB,0.7742,21,15,TB,1
2022,5,2022-10-09,TEN,WAS,-185.49,0.296,TEN,0.704,17,21,TEN,1
2022,5,2022-10-09,SF,CAR,-167.16,0.3185,SF,0.6815,15,37,SF,1
2022,5,2022-10-09,PHI,ARI,-42.57,0.4891,PHI,0.5109,17,20,PHI,1
2022,5,2022-10-09,DAL,LAR,10.66,0.5653,LAR,0.5653,10,22,DAL,0
2022,5,2022-10-10,CIN,BAL,168.36,0.7633,BAL,0.7633,19,17,BAL,1
2022,5,2022-10-11,LV,KC,331.42,0.8918,KC,0.8918,30,29,KC,1
2022,6,2022-10-14,WAS,CHI,72.19,0.6495,CHI,0.6495,7,12,WAS,0
2022,6,2022-10-16,SF,ATL,-118.8,0.3817,SF,0.6183,28,14,ATL,0
2022,6,2022-10-16,NE,CLE,-194.11,0.2858,NE,0.7142,15,38,NE,1
2022,6,2022-10-16,NYJ,GB,356.13,0.9048,GB,0.9048,10,27,NYJ,0
2022,6,2022-10-16,JAX,IND,246.73,0.835,IND,0.835,34,27,IND,1
2022,6,2022-10-16,MIN,MIA,-105.66,0.3997,MIN,0.6003,16,24,MIN,1
2022,6,2022-10-16,CIN,NO,170.19,0.7652,NO,0.7652,26,30,CIN,0
2022,6,2022-10-16,BAL,NYG,-295.37,0.1826,BAL,0.8174,24,20,NYG,0
2022,6,2022-10-16,TB,PIT,-74.5,0.4434,TB,0.5566,20,18,PIT,0
2022,6,2022-10-16,CAR,LAR,208.84,0.8028,LAR,0.8028,24,10,LAR,1
2022,6,2022-10-16,ARI,SEA,85.87,0.6672,SEA,0.6672,19,9,SEA,1
2022,6,2022-10-16,BUF,KC,45.53,0.6139,KC,0.6139,20,24,BUF,0
2022,6,2022-10-17,DAL,PHI,-49.93,0.4785,DAL,0.5215,26,17,PHI,0
2022,6,2022-10-18,DEN,LAC,69.47,0.646,LAC,0.646,19,16,LAC,1
2022,7,2022-10-21,NO,ARI,-137.44,0.3567,NO,0.6433,42,34,ARI,0
2022,7,2022-10-23,CLE,BAL,210.82,0.8046,BAL,0.8046,23,20,BAL,1
2022,7,2022-10-23,TB,CAR,-252.54,0.2223,TB,0.7777,21,3,CAR,0
2022,7,2022-10-23,ATL,CIN,14.34,0.5705,CIN,0.5705,35,17,CIN,1
2022,7,2022-10-23,DET,DAL,263.22,0.8477,DAL,0.8477,24,6,DAL,1
2022,7,2022-10-23,NYG,JAX,-60.17,0.4638,NYG,0.5362,17,23,NYG,1
2022,7,2022-10-23,IND,TEN,22.2,0.5816,TEN,0.5816,19,10,TEN,1
2022,7,2022-10-23,GB,WAS,-258.9,0.216,GB,0.784,23,21,WAS,0
2022,7,2022-10-23,NYJ,DEN,96.7,0.6809,DEN,0.6809,9,16,NYJ,0
2022,7,2022-10-23,HOU,LV,39.03,0.6049,LV,0.6049,38,20,LV,1
2022,7,2022-10-23,SEA,LAC,-91.28,0.4197,SEA,0.5803,23,37,SEA,1
2022,7,2022-10-23,KC,SF,-179.94,0.3027,KC,0.6973,23,44,KC,1
2022,7,2022-10-24,PIT,MIA,-103.85,0.4022,PIT,0.5978,16,10,MIA,0
2022,7,2022-10-25,CHI,NE,194.99,0.7898,NE,0.7898,14,33,CHI,0
2022,8,2022-10-28,BAL,TB,-26.91,0.5116,TB,0.5116,22,27,BAL,0
2022,8,2022-10-30,DEN,JAX,-126.21,0.3717,DEN,0.6283,17,21,DEN,1
2022,8,2022-10-30,CAR,ATL,54.92,0.6266,ATL,0.6266,37,34,ATL,1
2022,8,2022-10-30,CHI,DAL,136.37,0.7284,DAL,0.7284,49,29,DAL,1
2022,8,2022-10-30,MIA,DET,-142.56,0.35,MIA,0.65,27,31,MIA,1
2022,8,2022-10-30,ARI,MIN,75.07,0.6533,MIN,0.6533,34,26,MIN,1
2022,8,2022-10-30,LV,NO,202.31,0.7967,NO,0.7967,24,0,NO,1
2022,8,2022-10-30,NE,NYJ,-275.75,0.2001,NE,0.7999,17,22,NE,1
2022,8,2022-10-30,PIT,PHI,8.21,0.5619,PHI,0.5619,35,13,PHI,1
2022,8,2022-10-30,TEN,HOU,-219.52,0.2569,TEN,0.7431,10,17,TEN,1
2022,8,2022-10-30,WAS,IND,147.34,0.7407,IND,0.7407,16,17,WAS,0
2022,8,2022-10-30,SF,LAR,49.85,0.6197,LAR,0.6197,14,31,SF,0
2022,8,2022-10-30,NYG,SEA,240.72,0.8302,SEA,0.8302,27,13,SEA,1
2022,8,2022-10-31,GB,BUF,64.48,0.6394,BUF,0.6394,27,17,BUF,1
2022,8,2022-11-01,CIN,CLE,-69.81,0.4501,CIN,0.5499,32,13,CLE,0
2022,9,2022-11-04,PHI,HOU,-225.77,0.2501,PHI,0.7499,17,29,PHI,1
2022,9,2022-11-06,LAC,ATL,-36.0,0.4986,LAC,0.5014,17,20,LAC,1
2022,9,2022-11-06,MIA,CHI,-20.12,0.5214,CHI,0.5214,32,35,MIA,0
2022,9,2022-11-06,CAR,CIN,81.41,0.6615,CIN,0.6615,42,21,CIN,1
2022,9,2022-11-06,GB,DET,-307.51,0.1724,GB,0.8276,15,9,DET,0
2022,9,2022-11-06,LV,JAX,-128.53,0.3686,LV,0.6314,27,20,JAX,0
2022,9,2022-11-06,IND,NE,83.08,0.6637,NE,0.6637,26,3,NE,1
2022,9,2022-11-06,BUF,NYJ,-372.74,0.1252,BUF,0.8748,20,17,NYJ,0
2022,9,2022-11-06,MIN,WAS,-189.44,0.2913,MIN,0.7087,17,20,MIN,1
2022,9,2022-11-06,SEA,ARI,-107.36,0.3973,SEA,0.6027,21,31,SEA,1
2022,9,2022-11-06,LAR,TB,24.88,0.5853,TB,0.5853,16,13,TB,1
2022,9,2022-11-07,TEN,KC,161.78,0.7563,KC,0.7563,20,17,KC,1
2022,9,2022-11-08,BAL,NO,-15.27,0.5284,NO,0.5284,13,27,BAL,0
2022,10,2022-11-11,ATL,CAR,-67.64,0.4532,ATL,0.5468,25,15,CAR,0
2022,10,2022-11-13,SEA,TB,-8.68,0.5378,TB,0.5378,21,16,TB,1
2022,10,2022-11-13,MIN,BUF,112.19,0.7,BUF,0.7,30,33,MIN,0
2022,10,2022-11-13,DET,CHI,114.32,0.7026,CHI,0.7026,30,31,DET,0
2022,10,2022-11-13,JAX,KC,450.68,0.9424,KC,0.9424,27,17,KC,1
2022,10,2022-11-13,CLE,MIA,41.5,0.6083,MIA,0.6083,39,17,MIA,1
2022,10,2022-11-13,HOU,NYG,10.71,0.5654,NYG,0.5654,24,16,NYG,1
2022,10,2022-11-13,NO,PIT,-72.9,0.4457,NO,0.5543,20,10,PIT,0
2022,10,2022-11-13,DEN,TEN,159.1,0.7535,TEN,0.7535,17,10,TEN,1
2022,10,2022-11-13,IND,LV,-119.91,0.3802,IND,0.6198,20,25,IND,1
2022,10,2022-11-13,DAL,GB,14.39,0.5706,GB,0.5706,31,28,GB,1
2022,10,2022-11-13,ARI,LAR,80.54,0.6604,LAR,0.6604,17,27,ARI,0
2022,10,2022-11-14,LAC,SF,63.91,0.6386,SF,0.6386,22,16,SF,1
2022,10,2022-11-15,WAS,PHI,190.33,0.7853,PHI,0.7853,21,32,WAS,0
2022,11,2022-11-18,TEN,GB,43.1,0.6105,GB,0.6105,17,27,TEN,0
2022,11,2022-11-20,CHI,ATL,-4.14,0.5443,ATL,0.5443,27,24,ATL,1
2022,11,2022-11-20,CAR,BAL,262.96,0.8475,BAL,0.8475,13,3,BAL,1
2022,11,2022-11-20,CLE,BUF,269.1,0.852,BUF,0.852,31,23,BUF,1
2022,11,2022-11-20,WAS,HOU,-67.81,0.4529,WAS,0.5471,10,23,WAS,1
2022,11,2022-11-20,PHI,IND,-41.98,0.49,PHI,0.51,16,17,PHI,1
2022,11,2022-11-20,NYJ,NE,283.87,0.8624,NE,0.8624,10,3,NE,1
2022,11,2022-11-20,LAR,NO,43.25,0.6108,NO,0.6108,27,20,NO,1
2022,11,2022-11-20,DET,NYG,27.93,0.5896,NYG,0.5896,18,31,DET,0
2022,11,2022-11-20,LV,DEN,17.75,0.5753,DEN,0.5753,16,22,LV,0
2022,11,2022-11-20,DAL,MIN,-5.03,0.543,MIN,0.543,3,40,DAL,0
2022,11,2022-11-20,CIN,PIT,67.85,0.6438,PIT,0.6438,30,37,CIN,0
2022,11,2022-11-21,KC,LAC,-253.63,0.2212,KC,0.7788,27,30,KC,1
2022,11,2022-11-22,SF,ARI,-61.75,0.4616,SF,0.5384,10,38,SF,1
2022,12,2022-11-24,BUF,DET,-343.98,0.1445,BUF,0.8555,25,28,BUF,1
2022,12,2022-11-24,NYG,DAL,275.29,0.8565,DAL,0.8565,28,20,DAL,1
2022,12,2022-11-25,NE,MIN,-60.62,0.4632,NE,0.5368,33,26,MIN,0
2022,12,2022-11-27,DEN,CAR,-16.15,0.5271,CAR,0.5271,23,10,CAR,1
2022,12,2022-11-27,TB,CLE,-189.37,0.2914,TB,0.7086,23,17,CLE,0
2022,12,2022-11-27,BAL,JAX,-365.74,0.1297,BAL,0.8703,28,27,JAX,0
2022,12,2022-11-27,HOU,MIA,162.65,0.7573,MIA,0.7573,30,15,MIA,1
2022,12,2022-11-27,CHI,NYJ,-95.81,0.4134,CHI,0.5866,31,10,NYJ,0
2022,12,2022-11-27,CIN,TEN,98.99,0.6838,TEN,0.6838,16,20,CIN,0
2022,12,2022-11-27,ATL,WAS,-24.4,0.5153,WAS,0.5153,19,13,WAS,1
2022,12,2022-11-27,LAC,ARI,-4.17,0.5443,ARI,0.5443,24,25,LAC,0
2022,12,2022-11-27,LV,SEA,202.18,0.7966,SEA,0.7966,34,40,LV,0
2022,12,2022-11-27,LAR,KC,193.93,0.7888,KC,0.7888,26,10,KC,1
2022,12,2022-11-27,NO,SF,-24.32,0.5154,SF,0.5154,13,0,SF,1
2022,12,2022-11-28,GB,PHI,-39.36,0.4937,GB,0.5063,40,33,PHI,0
2022,12,2022-11-29,PIT,IND,-18.81,0.5233,IND,0.5233,17,24,PIT,0
2022,13,2022-12-02,BUF,NE,-76.92,0.44,BUF,0.56,10,24,BUF,1
2022,13,2022-12-04,PIT,ATL,-114.82,0.3871,PIT,0.6129,16,19,PIT,1
2022,13,2022-12-04,DEN,BAL,257.77,0.8436,BAL,0.8436,10,9,BAL,1
2022,13,2022-12-04,GB,CHI,-185.38,0.2962,GB,0.7038,19,28,GB,1
2022,13,2022-12-04,JAX,DET,52.6,0.6235,DET,0.6235,40,14,DET,1
2022,13,2022-12-04,CLE,HOU,-108.53,0.3957,CLE,0.6043,14,27,CLE,1
2022,13,2022-12-04,NYJ,MIN,216.83,0.8099,MIN,0.8099,27,22,MIN,1
2022,13,2022-12-04,WAS,NYG,-75.96,0.4413,WAS,0.5587,20,20,TIE,1
2022,13,2022-12-04,TEN,PHI,-3.81,0.5448,PHI,0.5448,35,10,PHI,1
2022,13,2022-12-04,SEA,LAR,-49.41,0.4793,SEA,0.5207,23,27,SEA,1
2022,13,2022-12-04,MIA,SF,98.44,0.6831,SF,0.6831,33,17,SF,1
2022,13,2022-12-04,KC,CIN,-250.13,0.2247,KC,0.7753,27,24,CIN,0
2022,13,2022-12-04,LAC,LV,-77.45,0.4392,LAC,0.5608,27,20,LV,0
2022,13,2022-12-05,IND,DAL,115.34,0.7038,DAL,0.7038,54,19,DAL,1
2022,13,2022-12-06,NO,TB,5.25,0.5577,TB,0.5577,17,16,TB,1
2022,14,2022-12-09,LV,LAR,116.93,0.7057,LAR,0.7057,17,16,LAR,1
2022,14,2022-12-11,NYJ,BUF,349.85,0.9016,BUF,0.9016,20,12,BUF,1
2022,14,2022-12-11,CLE,CIN,67.86,0.6439,CIN,0.6439,23,10,CIN,1
2022,14,2022-12-11,HOU,DAL,328.12,0.89,DAL,0.89,27,23,DAL,1
2022,14,2022-12-11,MIN,DET,-215.07,0.2618,MIN,0.7382,34,23,DET,0
2022,14,2022-12-11,PHI,NYG,-248.19,0.2267,PHI,0.7733,22,48,PHI,1
2022,14,2022-12-11,BAL,PIT,-99.03,0.4089,BAL,0.5911,14,16,BAL,1
2022,14,2022-12-11,JAX,TEN,284.04,0.8625,TEN,0.8625,22,36,JAX,0
2022,14,2022-12-11,KC,DEN,-350.74,0.1397,KC,0.8603,28,34,KC,1
2022,14,2022-12-11,CAR,SEA,201.87,0.7963,SEA,0.7963,24,30,CAR,0
2022,14,2022-12-11,TB,SF,-1.43,0.5482,SF,0.5482,35,7,SF,1
2022,14,2022-12-12,MIA,LAC,-5.29,0.5427,LAC,0.5427,23,17,LAC,1
2022,14,2022-12-13,NE,ARI,-128.66,0.3684,NE,0.6316,13,27,NE,1
2022,15,2022-12-16,SF,SEA,-29.36,0.5081,SEA,0.5081,13,21,SF,0
2022,15,2022-12-17,IND,MIN,63.94,0.6387,MIN,0.6387,39,36,MIN,1
2022,15,2022-12-17,BAL,CLE,-224.1,0.2519,BAL,0.7481,13,3,CLE,0
2022,15,2022-12-18,MIA,BUF,226.84,0.8187,BUF,0.8187,32,29,BUF,1
2022,15,2022-12-18,PIT,CAR,-138.97,0.3547,PIT,0.6453,16,24,PIT,1
2022,15,2022-12-18,PHI,CHI,-192.82,0.2873,PHI,0.7127,20,25,PHI,1
2022,15,2022-12-18,KC,HOU,-432.86,0.0919,KC,0.9081,24,30,KC,1
2022,15,2022-12-18,DAL,JAX,-341.91,0.146,DAL,0.854,40,34,JAX,0
2022,15,2022-12-18,ATL,NO,161.7,0.7563,NO,0.7563,21,18,NO,1
2022,15,2022-12-18,DET,NYJ,-21.78,0.519,NYJ,0.519,17,20,DET,0
2022,15,2022-12-18,ARI,DEN,-79.72,0.436,ARI,0.564,24,15,DEN,0
2022,15,2022-12-18,NE,LV,-195.17,0.2845,NE,0.7155,30,24,LV,0
2022,15,2022-12-18,TEN,LAC,-59.31,0.4651,TEN,0.5349,17,14,LAC,0
2022,15,2022-12-18,CIN,TB,69.94,0.6466,TB,0.6466,23,34,CIN,0
2022,15,2022-12-19,NYG,WAS,83.6,0.6643,WAS,0.6643,12,20,NYG,0
2022,15,2022-12-20,LAR,GB,64.79,0.6398,GB,0.6398,24,12,GB,1
2022,16,2022-12-23,JAX,NYJ,38.76,0.6046,NYJ,0.6046,3,19,JAX,0
2022,16,2022-12-24,ATL,BAL,214.62,0.808,BAL,0.808,17,9,BAL,1
2022,16,2022-12-24,DET,CAR,21.5,0.5806,CAR,0.5806,37,23,CAR,1
2022,16,2022-12-24,BUF,CHI,-301.52,0.1774,BUF,0.8226,13,35,BUF,1
2022,16,2022-12-24,NO,CLE,-148.92,0.3417,NO,0.6583,10,17,NO,1
2022,16,2022-12-24,SEA,KC,163.51,0.7582,KC,0.7582,24,10,KC,1
2022,16,2022-12-24,NYG,MIN,215.48,0.8087,MIN,0.8087,27,24,MIN,1
2022,16,2022-12-24,CIN,NE,77.88,0.657,NE,0.657,18,22,CIN,0
2022,16,2022-12-24,HOU,TEN,232.27,0.8232,TEN,0.8232,14,19,HOU,0
2022,16,2022-12-24,WAS,SF,216.42,0.8096,SF,0.8096,37,20,SF,1
2022,16,2022-12-24,PHI,DAL,23.46,0.5833,DAL,0.5833,40,34,DAL,1
2022,16,2022-12-25,LV,PIT,124.04,0.7141,PIT,0.7141,13,10,PIT,1
2022,16,2022-12-25,GB,MIA,-135.71,0.359,GB,0.641,20,26,GB,1
2022,16,2022-12-25,DEN,LAR,133.66,0.7253,LAR,0.7253,51,14,LAR,1
2022,16,2022-12-26,TB,ARI,-112.87,0.3898,TB,0.6102,16,19,TB,1
2022,16,2022-12-27,LAC,IND,0.61,0.5511,IND,0.5511,3,20,LAC,0
2022,17,2022-12-30,DAL,TEN,-104.19,0.4017,DAL,0.5983,13,27,DAL,1
2022,17,2023-01-01,ARI,ATL,-30.73,0.5061,ATL,0.5061,20,19,ATL,1
2022,17,2023-01-01,CHI,DET,-30.42,0.5066,DET,0.5066,41,10,DET,1
2022,17,2023-01-01,JAX,HOU,-6.56,0.5408,HOU,0.5408,3,31,JAX,0
2022,17,2023-01-01,DEN,KC,362.38,0.9078,KC,0.9078,27,24,KC,1
2022,17,2023-01-01,MIA,NE,124.85,0.7151,NE,0.7151,23,21,NE,1
2022,17,2023-01-01,IND,NYG,-130.14,0.3664,IND,0.6336,38,10,NYG,0
2022,17,2023-01-01,NO,PHI,2.51,0.5538,PHI,0.5538,10,20,NO,0
2022,17,2023-01-01,CAR,TB,161.94,0.7565,TB,0.7565,30,24,TB,1
2022,17,2023-01-01,CLE,WAS,-30.99,0.5058,WAS,0.5058,10,24,CLE,0
2022,17,2023-01-01,SF,LV,-206.31,0.2717,SF,0.7283,34,37,SF,1
2022,17,2023-01-01,NYJ,SEA,243.38,0.8324,SEA,0.8324,23,6,SEA,1
2022,17,2023-01-01,MIN,GB,50.95,0.6212,GB,0.6212,41,17,GB,1
2022,17,2023-01-01,LAR,LAC,-35.96,0.4986,LAR,0.5014,31,10,LAC,0
2022,17,2023-01-02,PIT,BAL,87.19,0.6689,BAL,0.6689,13,16,PIT,0
2022,18,2023-01-07,KC,LV,-326.27,0.1575,KC,0.8425,13,31,KC,1
2022,18,2023-01-08,TEN,JAX,-174.83,0.309,TEN,0.691,20,16,JAX,0
2022,18,2023-01-08,TB,ATL,-151.08,0.3389,TB,0.6611,30,17,ATL,0
2022,18,2023-01-08,NE,BUF,113.16,0.7012,BUF,0.7012,35,23,BUF,1
2022,18,2023-01-08,MIN,CHI,-175.16,0.3086,MIN,0.6914,13,29,MIN,1
2022,18,2023-01-08,BAL,CIN,-101.96,0.4048,BAL,0.5952,27,16,CIN,0
2022,18,2023-01-08,HOU,IND,157.57,0.7519,IND,0.7519,31,32,HOU,0
2022,18,2023-01-08,NYJ,MIA,142.3,0.7351,MIA,0.7351,11,6,MIA,1
2022,18,2023-01-08,CAR,NO,199.13,0.7938,NO,0.7938,7,10,CAR,0
2022,18,2023-01-08,CLE,PIT,111.96,0.6997,PIT,0.6997,28,14,PIT,1
2022,18,2023-01-08,LAC,DEN,-140.15,0.3531,LAC,0.6469,31,28,DEN,0
2022,18,2023-01-08,NYG,PHI,216.01,0.8092,PHI,0.8092,22,16,PHI,1
2022,18,2023-01-08,LAR,SEA,50.79,0.621,SEA,0.621,19,16,SEA,1
2022,18,2023-01-08,ARI,SF,185.76,0.7809,SF,0.7809,38,13,SF,1
2022,18,2023-01-08,DAL,WAS,-251.5,0.2234,DAL,0.7766,26,6,WAS,0
2022,18,2023-01-09,DET,GB,238.89,0.8287,GB,0.8287,16,20,DET,0
2023,1,2023-09-08,DET,KC,352.68,0.9031,KC,0.9031,20,21,DET,0
2023,1,2023-09-10,CAR,ATL,24.72,0.5851,ATL,0.5851,24,10,ATL,1
2023,1,2023-09-10,HOU,BAL,322.39,0.8867,BAL,0.8867,25,9,BAL,1
2023,1,2023-09-10,CIN,CLE,-102.91,0.4035,CIN,0.5965,24,3,CLE,0
2023,1,2023-09-10,JAX,IND,93.89,0.6774,IND,0.6774,21,31,JAX,0
2023,1,2023-09-10,TB,MIN,-1.15,0.5486,MIN,0.5486,17,20,TB,0
2023,1,2023-09-10,TEN,NO,87.23,0.669,NO,0.669,16,15,NO,1
2023,1,2023-09-10,SF,PIT,-72.69,0.446,SF,0.554,7,30,SF,1
2023,1,2023-09-10,ARI,WAS,-26.75,0.5119,WAS,0.5119,20,16,WAS,1
2023,1,2023-09-10,GB,CHI,-251.71,0.2231,GB,0.7769,20,38,GB,1
2023,1,2023-09-10,LV,DEN,-27.11,0.5113,DEN,0.5113,16,17,LV,0
2023,1,2023-09-10,MIA,LAC,46.39,0.615,LAC,0.615,34,36,MIA,0
2023,1,2023-09-10,PHI,NE,2.12,0.5532,NE,0.5532,20,25,PHI,0
2023,1,2023-09-10,LAR,SEA,58.72,0.6317,SEA,0.6317,13,30,LAR,0
2023,1,2023-09-11,DAL,NYG,-253.51,0.2213,DAL,0.7787,0,40,DAL,1
2023,1,2023-09-12,BUF,NYJ,-394.67,0.112,BUF,0.888,22,16,NYJ,0
2023,2,2023-09-15,MIN,PHI,42.85,0.6102,PHI,0.6102,34,28,PHI,1
2023,2,2023-09-17,GB,ATL,-176.83,0.3065,GB,0.6935,25,24,ATL,0
2023,2,2023-09-17,LV,BUF,284.37,0.8628,BUF,0.8628,38,10,BUF,1
2023,2,2023-09-17,BAL,CIN,-98.73,0.4093,BAL,0.5907,24,27,BAL,1
2023,2,2023-09-17,SEA,DET,-158.96,0.3288,SEA,0.6712,31,37,SEA,1
2023,2,2023-09-17,IND,HOU,-136.77,0.3576,IND,0.6424,20,31,IND,1
2023,2,2023-09-17,KC,JAX,-380.78,0.1202,KC,0.8798,9,17,KC,1
2023,2,2023-09-17,CHI,TB,203.68,0.798,TB,0.798,27,17,TB,1
2023,2,2023-09-17,LAC,TEN,-2.48,0.5467,TEN,0.5467,27,24,TEN,1
2023,2,2023-09-17,NYG,ARI,76.19,0.6548,ARI,0.6548,28,31,NYG,0
2023,2,2023-09-17,SF,LAR,-116.72,0.3845,SF,0.6155,23,30,SF,1
2023,2,2023-09-17,NYJ,DAL,299.06,0.8725,DAL,0.8725,30,10,DAL,1
2023,2,2023-09-17,WAS,DEN,-33.25,0.5025,DEN,0.5025,33,35,WAS,0
2023,2,2023-09-18,MIA,NE,107.11,0.6938,NE,0.6938,17,24,MIA,0
2023,2,2023-09-18,NO,CAR,-196.81,0.2826,NO,0.7174,17,20,NO,1
2023,2,2023-09-19,CLE,PIT,90.96,0.6737,PIT,0.6737,26,22,PIT,1
2023,3,2023-09-22,NYG,SF,297.36,0.8714,SF,0.8714,30,12,SF,1
2023,3,2023-09-24,IND,BAL,187.66,0.7827,BAL,0.7827,19,22,IND,0
2023,3,2023-09-24,TEN,CLE,-56.93,0.4685,TEN,0.5315,27,3,CLE,0
2023,3,2023-09-24,ATL,DET,-54.74,0.4716,ATL,0.5284,20,6,DET,0
2023,3,2023-09-24,NO,GB,17.28,0.5747,GB,0.5747,18,17,GB,1
2023,3,2023-09-24,HOU,JAX,73.94,0.6518,JAX,0.6518,17,37,HOU,0
2023,3,2023-09-24,DEN,MIA,105.43,0.6918,MIA,0.6918,70,20,MIA,1
2023,3,2023-09-24,LAC,MIN,41.29,0.6081,MIN,0.6081,24,28,LAC,0
2023,3,2023-09-24,NE,NYJ,-243.67,0.2313,NE,0.7687,10,15,NE,1
2023,3,2023-09-24,BUF,WAS,-286.15,0.1907,BUF,0.8093,3,37,BUF,1
2023,3,2023-09-24,CAR,SEA,166.39,0.7612,SEA,0.7612,37,27,SEA,1
2023,3,2023-09-24,DAL,ARI,-207.7,0.2701,DAL,0.7299,28,16,ARI,0
2023,3,2023-09-24,CHI,KC,388.15,0.9195,KC,0.9195,41,10,KC,1
2023,3,2023-09-25,PIT,LV,-138.55,0.3552,PIT,0.6448,18,23,PIT,1
2023,3,2023-09-25,PHI,TB,-31.91,0.5044,TB,0.5044,11,25,PHI,0
2023,3,2023-09-26,LAR,CIN,-11.94,0.5331,CIN,0.5331,19,16,CIN,1
2023,4,2023-09-29,DET,GB,211.42,0.8051,GB,0.8051,20,34,DET,0
2023,4,2023-10-01,ATL,JAX,-97.32,0.4113,ATL,0.5887,23,7,JAX,0
2023,4,2023-10-01,MIA,BUF,213.57,0.807,BUF,0.807,48,20,BUF,1
2023,4,2023-10-01,MIN,CAR,-143.35,0.3489,MIN,0.6511,13,21,MIN,1
2023,4,2023-10-01,DEN,CHI,-6.88,0.5404,CHI,0.5404,28,31,DEN,0
2023,4,2023-10-01,BAL,CLE,-144.51,0.3474,BAL,0.6526,3,28,BAL,1
2023,4,2023-10-01,PIT,HOU,-251.03,0.2238,PIT,0.7762,30,6,HOU,0
2023,4,2023-10-01,LAR,IND,-79.6,0.4362,LAR,0.5638,23,29,LAR,1
2023,4,2023-10-01,TB,NO,43.42,0.611,NO,0.611,9,26,TB,0
2023,4,2023-10-01,WAS,PHI,198.35,0.793,PHI,0.793,34,31,PHI,1
2023,4,2023-10-01,CIN,TEN,-31.61,0.5049,TEN,0.5049,27,3,TEN,1
2023,4,2023-10-01,LV,LAC,101.48,0.6869,LAC,0.6869,24,17,LAC,1
2023,4,2023-10-01,NE,DAL,44.27,0.6121,DAL,0.6121,38,3,DAL,1
2023,4,2023-10-01,ARI,SF,222.79,0.8152,SF,0.8152,35,16,SF,1
2023,4,2023-10-02,KC,NYJ,-423.83,0.0964,KC,0.9036,20,23,KC,1
2023,4,2023-10-03,SEA,NYG,-210.85,0.2665,SEA,0.7335,3,24,SEA,1
2023,5,2023-10-06,CHI,WAS,63.88,0.6386,WAS,0.6386,20,40,CHI,0
2023,5,2023-10-08,JAX,BUF,365.21,0.9092,BUF,0.9092,20,25,JAX,0
2023,5,2023-10-08,HOU,ATL,91.56,0.6745,ATL,0.6745,21,19,ATL,1
2023,5,2023-10-08,CAR,DET,38.96,0.6049,DET,0.6049,42,24,DET,1
2023,5,2023-10-08,TEN,IND,-71.21,0.4481,TEN,0.5519,23,16,IND,0
2023,5,2023-10-08,NYG,MIA,144.34,0.7374,MIA,0.7374,31,16,MIA,1
2023,5,2023-10-08,NO,NE,-25.95,0.513,NE,0.513,0,34,NO,0
2023,5,2023-10-08,BAL,PIT,-97.79,0.4106,BAL,0.5894,17,10,PIT,0
2023,5,2023-10-08,CIN,ARI,-70.47,0.4491,CIN,0.5509,20,34,CIN,1
2023,5,2023-10-08,PHI,LAR,-82.63,0.4319,PHI,0.5681,14,23,PHI,1
2023,5,2023-10-08,NYJ,DEN,43.91,0.6116,DEN,0.6116,21,31,NYJ,0
2023,5,2023-10-08,KC,MIN,-204.66,0.2736,KC,0.7264,20,27,KC,1
2023,5,2023-10-09,DAL,SF,31.92,0.5951,SF,0.5951,42,10,SF,1
2023,5,2023-10-10,GB,LV,-199.63,0.2794,GB,0.7206,17,13,LV,0
2023,6,2023-10-13,DEN,KC,397.56,0.9234,KC,0.9234,19,8,KC,1
2023,6,2023-10-15,BAL,TEN,-119.94,0.3801,BAL,0.6199,16,24,BAL,1
2023,6,2023-10-15,WAS,ATL,32.84,0.5964,ATL,0.5964,16,24,WAS,0
2023,6,2023-10-15,MIN,CHI,-172.17,0.3122,MIN,0.6878,13,19,MIN,1
2023,6,2023-10-15,SEA,CIN,-61.15,0.4624,SEA,0.5376,17,13,CIN,0
2023,6,2023-10-15,SF,CLE,-223.11,0.253,SF,0.747,19,17,CLE,0
2023,6,2023-10-15,NO,HOU,-277.32,0.1986,NO,0.8014,20,13,HOU,0
2023,6,2023-10-15,IND,JAX,-81.51,0.4335,IND,0.5665,37,20,JAX,0
2023,6,2023-10-15,CAR,MIA,123.88,0.7139,MIA,0.7139,42,21,MIA,1
2023,6,2023-10-15,NE,LV,-117.79,0.3831,NE,0.6169,21,17,LV,0
2023,6,2023-10-15,ARI,LAR,100.2,0.6853,LAR,0.6853,26,9,LAR,1
2023,6,2023-10-15,PHI,NYJ,-287.49,0.1895,PHI,0.8105,20,14,NYJ,0
2023,6,2023-10-15,DET,TB,132.3,0.7237,TB,0.7237,6,20,DET,0
2023,6,2023-10-16,NYG,BUF,367.79,0.9104,BUF,0.9104,14,9,BUF,1
2023,6,2023-10-17,DAL,LAC,-101.63,0.4053,DAL,0.5947,17,20,DAL,1
2023,7,2023-10-20,JAX,NO,211.69,0.8054,NO,0.8054,24,31,JAX,0
2023,7,2023-10-22,DET,BAL,172.1,0.7671,BAL,0.7671,38,6,BAL,1
2023,7,2023-10-22,LV,CHI,-57.09,0.4682,LV,0.5318,30,12,CHI,0
2023,7,2023-10-22,CLE,IND,-35.8,0.4988,CLE,0.5012,38,39,CLE,1
2023,7,2023-10-22,BUF,NE,-189.87,0.2908,BUF,0.7092,29,25,NE,0
2023,7,2023-10-22,WAS,NYG,-59.31,0.4651,WAS,0.5349,14,7,NYG,0
2023,7,2023-10-22,ATL,TB,139.74,0.7322,TB,0.7322,13,16,ATL,0
2023,7,2023-10-22,PIT,LAR,-10.37,0.5354,LAR,0.5354,17,24,PIT,0
2023,7,2023-10-22,ARI,SEA,155.74,0.7499,SEA,0.7499,20,10,SEA,1
2023,7,2023-10-22,GB,DEN,-242.82,0.2321,GB,0.7679,19,17,DEN,0
2023,7,2023-10-22,LAC,KC,242.14,0.8314,KC,0.8314,31,17,KC,1
2023,7,2023-10-23,MIA,PHI,102.08,0.6876,PHI,0.6876,31,17,PHI,1
2023,7,2023-10-24,SF,MIN,-134.34,0.3608,SF,0.6392,22,17,MIN,0
2023,8,2023-10-27,TB,BUF,157.55,0.7518,BUF,0.7518,24,18,BUF,1
2023,8,2023-10-29,HOU,CAR,29.29,0.5915,CAR,0.5915,15,13,CAR,1
2023,8,2023-10-29,LAR,DAL,98.79,0.6836,DAL,0.6836,43,20,DAL,1
2023,8,2023-10-29,MIN,GB,37.72,0.6032,GB,0.6032,10,24,MIN,0
2023,8,2023-10-29,NO,IND,-154.9,0.334,NO,0.666,27,38,NO,1
2023,8,2023-10-29,NE,MIA,-28.78,0.5089,MIA,0.5089,31,17,MIA,1
2023,8,2023-10-29,NYJ,NYG,7.12,0.5603,NYG,0.5603,10,13,NYJ,0
2023,8,2023-10-29,JAX,PIT,157.22,0.7515,PIT,0.7515,10,20,JAX,0
2023,8,2023-10-29,ATL,TEN,72.34,0.6497,TEN,0.6497,28,23,TEN,1
2023,8,2023-10-29,PHI,WAS,-225.1,0.2508,PHI,0.7492,31,38,PHI,1
2023,8,2023-10-29,CLE,SEA,103.4,0.6893,SEA,0.6893,24,20,SEA,1
2023,8,2023-10-29,BAL,ARI,-226.23,0.2496,BAL,0.7504,24,31,BAL,1
2023,8,2023-10-29,KC,DEN,-397.26,0.1105,KC,0.8895,24,9,DEN,0
2023,8,2023-10-29,CIN,SF,147.12,0.7405,SF,0.7405,17,31,CIN,0
2023,8,2023-10-30,CHI,LAC,128.93,0.7198,LAC,0.7198,30,13,LAC,1
2023,8,2023-10-31,LV,DET,41.97,0.609,DET,0.609,26,14,DET,1
2023,9,2023-11-03,TEN,PIT,38.27,0.6039,PIT,0.6039,20,16,PIT,1
2023,9,2023-11-05,MIA,KC,223.51,0.8158,KC,0.8158,21,14,KC,1
2023,9,2023-11-05,MIN,ATL,-149.21,0.3413,MIN,0.6587,28,31,MIN,1
2023,9,2023-11-05,SEA,BAL,61.58,0.6355,BAL,0.6355,37,3,BAL,1
2023,9,2023-11-05,ARI,CLE,61.45,0.6353,CLE,0.6353,27,0,CLE,1
2023,9,2023-11-05,LAR,GB,62.75,0.6371,GB,0.6371,20,3,GB,1
2023,9,2023-11-05,TB,HOU,-208.7,0.269,TB,0.731,39,37,HOU,0
2023,9,2023-11-05,WAS,NE,128.42,0.7192,NE,0.7192,17,20,WAS,0
2023,9,2023-11-05,CHI,NO,217.77,0.8108,NO,0.8108,24,17,NO,1
2023,9,2023-11-05,IND,CAR,-48.76,0.4802,IND,0.5198,13,27,IND,1
2023,9,2023-11-05,NYG,LV,49.42,0.6192,LV,0.6192,30,6,LV,1
2023,9,2023-11-05,DAL,PHI,-9.3,0.5369,PHI,0.5369,28,23,PHI,1
2023,9,2023-11-06,BUF,CIN,-169.08,0.3161,BUF,0.6839,24,18,CIN,0
2023,9,2023-11-07,LAC,NYJ,-163.92,0.3225,LAC,0.6775,6,27,LAC,1
2023,10,2023-11-10,CAR,CHI,8.88,0.5628,CHI,0.5628,16,13,CHI,1
2023,10,2023-11-12,IND,NE,78.21,0.6574,NE,0.6574,6,10,IND,0
2023,10,2023-11-12,CLE,BAL,174.56,0.7696,BAL,0.7696,31,33,CLE,0
2023,10,2023-11-12,HOU,CIN,207.18,0.8012,CIN,0.8012,27,30,HOU,0
2023,10,2023-11-12,SF,JAX,-246.07,0.2288,SF,0.7712,3,34,SF,1
2023,10,2023-11-12,NO,MIN,-21.71,0.5191,MIN,0.5191,27,19,MIN,1
2023,10,2023-11-12,GB,PIT,-43.04,0.4884,GB,0.5116,23,19,PIT,0
2023,10,2023-11-12,TEN,TB,43.7,0.6114,TB,0.6114,20,6,TB,1
2023,10,2023-11-12,ATL,ARI,-21.19,0.5199,ARI,0.5199,25,23,ARI,1
2023,10,2023-11-12,DET,LAC,70.29,0.6471,LAC,0.6471,38,41,DET,0
2023,10,2023-11-12,NYG,DAL,292.68,0.8683,DAL,0.8683,49,17,DAL,1
2023,10,2023-11-12,WAS,SEA,165.06,0.7598,SEA,0.7598,29,26,SEA,1
2023,10,2023-11-13,NYJ,LV,67.62,0.6435,LV,0.6435,16,12,LV,1
2023,10,2023-11-14,DEN,BUF,320.51,0.8856,BUF,0.8856,22,24,DEN,0
2023,11,2023-11-17,CIN,BAL,108.62,0.6957,BAL,0.6957,34,20,BAL,1
2023,11,2023-11-19,DAL,CAR,-274.95,0.2008,DAL,0.7992,10,33,DAL,1
2023,11,2023-11-19,PIT,CLE,-60.29,0.4637,PIT,0.5363,13,10,CLE,0
2023,11,2023-11-19,CHI,DET,87.66,0.6695,DET,0.6695,31,26,DET,1
2023,11,2023-11-19,LAC,GB,60.36,0.6339,GB,0.6339,23,20,GB,1
2023,11,2023-11-19,ARI,HOU,-48.3,0.4809,ARI,0.5191,21,16,HOU,0
2023,11,2023-11-19,TEN,JAX,-86.54,0.4264,TEN,0.5736,34,14,JAX,0
2023,11,2023-11-19,LV,MIA,99.38,0.6843,MIA,0.6843,20,13,MIA,1
2023,11,2023-11-19,NYG,WAS,66.92,0.6426,WAS,0.6426,19,31,NYG,0
2023,11,2023-11-19,TB,SF,114.56,0.7029,SF,0.7029,27,14,SF,1
2023,11,2023-11-19,NYJ,BUF,355.14,0.9043,BUF,0.9043,32,6,BUF,1
2023,11,2023-11-19,SEA,LAR,-62.08,0.4611,SEA,0.5389,17,16,LAR,0
2023,11,2023-11-20,MIN,DEN,-193.94,0.286,MIN,0.714,21,20,DEN,0
2023,11,2023-11-21,PHI,KC,112.04,0.6998,KC,0.6998,17,21,PHI,0
2023,12,2023-11-23,GB,DET,-116.87,0.3843,GB,0.6157,22,29,GB,1
2023,12,2023-11-23,WAS,DAL,255.24,0.8417,DAL,0.8417,45,10,DAL,1
2023,12,2023-11-24,SF,SEA,-108.06,0.3964,SF,0.6036,13,31,SF,1
2023,12,2023-11-24,MIA,NYJ,-183.01,0.299,MIA,0.701,13,34,MIA,1
2023,12,2023-11-26,NO,ATL,-173.86,0.3102,NO,0.6898,24,15,ATL,0
2023,12,2023-11-26,PIT,CIN,-8.24,0.5384,CIN,0.5384,10,16,PIT,0
2023,12,2023-11-26,JAX,HOU,-59.97,0.4641,JAX,0.5359,21,24,JAX,1
2023,12,2023-11-26,TB,IND,-100.0,0.4075,TB,0.5925,27,20,IND,0
2023,12,2023-11-26,NE,NYG,-161.97,0.325,NE,0.675,10,7,NYG,0
2023,12,2023-11-26,CAR,TEN,117.58,0.7065,TEN,0.7065,17,10,TEN,1
2023,12,2023-11-26,LAR,ARI,-116.58,0.3847,LAR,0.6153,14,37,LAR,1
2023,12,2023-11-26,CLE,DEN,-103.93,0.4021,CLE,0.5979,29,12,DEN,0
2023,12,2023-11-26,KC,LV,-324.91,0.1586,KC,0.8414,17,31,KC,1
2023,12,2023-11-26,BUF,PHI,-58.15,0.4667,BUF,0.5333,37,34,PHI,0
2023,12,2023-11-27,BAL,LAC,-142.54,0.35,BAL,0.65,10,20,BAL,1
2023,12,2023-11-28,CHI,MIN,204.39,0.7987,MIN,0.7987,10,12,CHI,0
2023,13,2023-12-01,SEA,DAL,93.68,0.6772,DAL,0.6772,41,35,DAL,1
2023,13,2023-12-03,DEN,HOU,-55.38,0.4707,DEN,0.5293,22,17,HOU,0
2023,13,2023-12-03,LAC,NE,-10.78,0.5348,NE,0.5348,0,6,LAC,0
2023,13,2023-12-03,DET,NO,111.79,0.6995,NO,0.6995,28,33,DET,0
2023,13,2023-12-03,ATL,NYJ,-96.49,0.4124,ATL,0.5876,8,13,ATL,1
2023,13,2023-12-03,ARI,PIT,173.51,0.7686,PIT,0.7686,10,24,ARI,0
2023,13,2023-12-03,IND,TEN,20.87,0.5797,TEN,0.5797,28,31,IND,0
2023,13,2023-12-03,MIA,WAS,-151.39,0.3385,MIA,0.6615,15,45,MIA,1
2023,13,2023-12-03,CAR,TB,186.56,0.7817,TB,0.7817,21,18,TB,1
2023,13,2023-12-03,CLE,LAR,42.46,0.6097,LAR,0.6097,36,19,LAR,1
2023,13,2023-12-03,SF,PHI,-37.11,0.497,SF,0.503,19,42,SF,1
2023,13,2023-12-04,KC,GB,-147.91,0.343,KC,0.657,27,19,GB,0
2023,13,2023-12-05,CIN,JAX,-104.71,0.401,CIN,0.599,31,34,CIN,1
2023,14,2023-12-08,NE,PIT,44.9,0.613,PIT,0.613,18,21,NE,0
2023,14,2023-12-10,TB,ATL,-106.36,0.3987,TB,0.6013,25,29,TB,1
2023,14,2023-12-10,LAR,BAL,133.03,0.7246,BAL,0.7246,37,31,BAL,1
2023,14,2023-12-10,DET,CHI,-92.39,0.4181,DET,0.5819,28,13,CHI,0
2023,14,2023-12-10,IND,CIN,73.87,0.6517,CIN,0.6517,34,14,CIN,1
2023,14,2023-12-10,JAX,CLE,49.44,0.6192,CLE,0.6192,31,27,CLE,1
2023,14,2023-12-10,CAR,NO,219.69,0.8125,NO,0.8125,28,6,NO,1
2023,14,2023-12-10,HOU,NYJ,-39.1,0.4941,HOU,0.5059,30,6,NYJ,0
2023,14,2023-12-10,MIN,LV,-162.46,0.3244,MIN,0.6756,0,3,MIN,1
2023,14,2023-12-10,SEA,SF,153.33,0.7473,SF,0.7473,28,16,SF,1
2023,14,2023-12-10,BUF,KC,36.27,0.6011,KC,0.6011,17,20,BUF,0
2023,14,2023-12-10,DEN,LAC,116.51,0.7052,LAC,0.7052,7,24,DEN,0
2023,14,2023-12-11,PHI,DAL,22.37,0.5818,DAL,0.5818,33,13,DAL,1
2023,14,2023-12-12,TEN,MIA,74.75,0.6529,MIA,0.6529,27,28,TEN,0
2023,14,2023-12-12,GB,NYG,-250.72,0.2241,GB,0.7759,24,22,NYG,0
2023,15,2023-12-15,LAC,LV,-95.88,0.4133,LAC,0.5867,63,21,LV,0
2023,15,2023-12-16,MIN,CIN,-29.7,0.5076,CIN,0.5076,27,24,CIN,1
2023,15,2023-12-16,PIT,IND,-81.27,0.4338,PIT,0.5662,30,13,IND,0
2023,15,2023-12-17,DEN,DET,35.51,0.6001,DET,0.6001,42,17,DET,1
2023,15,2023-12-17,ATL,CAR,-85.03,0.4285,ATL,0.5715,9,7,CAR,0
2023,15,2023-12-17,CHI,CLE,80.3,0.6601,CLE,0.6601,20,17,CLE,1
2023,15,2023-12-17,TB,GB,54.79,0.6264,GB,0.6264,20,34,TB,0
2023,15,2023-12-17,NYJ,MIA,196.57,0.7913,MIA,0.7913,30,0,MIA,1
2023,15,2023-12-17,KC,NE,-223.78,0.2522,KC,0.7478,17,27,KC,1
2023,15,2023-12-17,NYG,NO,212.81,0.8064,NO,0.8064,24,6,NO,1
2023,15,2023-12-17,HOU,TEN,129.99,0.7211,TEN,0.7211,16,19,HOU,0
2023,15,2023-12-17,SF,ARI,-308.74,0.1714,SF,0.8286,29,45,SF,1
2023,15,2023-12-17,WAS,LAR,165.6,0.7604,LAR,0.7604,28,20,LAR,1
2023,15,2023-12-17,DAL,BUF,35.26,0.5998,BUF,0.5998,31,10,BUF,1
2023,15,2023-12-18,BAL,JAX,-254.73,0.2201,BAL,0.7799,7,23,BAL,1
2023,15,2023-12-19,PHI,SEA,-72.38,0.4464,PHI,0.5536,20,17,SEA,0
2023,16,2023-12-22,NO,LAR,-42.19,0.4897,NO,0.5103,30,22,LAR,0
2023,16,2023-12-23,CIN,PIT,-35.06,0.4999,CIN,0.5001,34,11,PIT,0
2023,16,2023-12-24,BUF,LAC,-242.29,0.2327,BUF,0.7673,22,24,BUF,1
2023,16,2023-12-24,IND,ATL,-45.02,0.4856,IND,0.5144,29,10,ATL,0
2023,16,2023-12-24,GB,CAR,-235.38,0.2399,GB,0.7601,30,33,GB,1
2023,16,2023-12-24,CLE,HOU,-127.66,0.3697,CLE,0.6303,22,36,CLE,1
2023,16,2023-12-24,DET,MIN,97.31,0.6817,MIN,0.6817,24,30,DET,0
2023,16,2023-12-24,WAS,NYJ,-26.9,0.5116,NYJ,0.5116,30,28,NYJ,1
2023,16,2023-12-24,SEA,TEN,-82.6,0.4319,SEA,0.5681,17,20,SEA,1
2023,16,2023-12-24,JAX,TB,145.83,0.739,TB,0.739,30,12,TB,1
2023,16,2023-12-24,ARI,CHI,-2.8,0.5462,CHI,0.5462,27,16,CHI,1
2023,16,2023-12-24,DAL,MIA,-104.83,0.4008,DAL,0.5992,22,20,MIA,0
2023,16,2023-12-25,NE,DEN,-87.48,0.425,NE,0.575,23,26,NE,1
2023,16,2023-12-25,LV,KC,290.71,0.867,KC,0.867,14,20,LV,0
2023,16,2023-12-25,NYG,PHI,255.52,0.8419,PHI,0.8419,33,25,PHI,1
2023,16,2023-12-26,BAL,SF,34.14,0.5982,SF,0.5982,19,33,BAL,0
2023,17,2023-12-29,NYJ,CLE,148.18,0.7416,CLE,0.7416,37,20,CLE,1
2023,17,2023-12-31,DET,DAL,164.6,0.7593,DAL,0.7593,20,19,DAL,1
2023,17,2023-12-31,MIA,BAL,139.19,0.7316,BAL,0.7316,56,19,BAL,1
2023,17,2023-12-31,NE,BUF,214.99,0.8083,BUF,0.8083,27,21,BUF,1
2023,17,2023-12-31,ATL,CHI,-36.03,0.4985,ATL,0.5015,37,17,CHI,0
2023,17,2023-12-31,TEN,HOU,-119.95,0.3801,TEN,0.6199,26,3,HOU,0
2023,17,2023-12-31,LV,IND,2.35,0.5535,IND,0.5535,23,20,IND,1
2023,17,2023-12-31,CAR,JAX,60.19,0.6337,JAX,0.6337,26,0,JAX,1
2023,17,2023-12-31,LAR,NYG,-192.0,0.2883,LAR,0.7117,25,26,LAR,1
2023,17,2023-12-31,ARI,PHI,227.58,0.8193,PHI,0.8193,31,35,ARI,0
2023,17,2023-12-31,NO,TB,-3.4,0.5453,TB,0.5453,13,23,NO,0
2023,17,2023-12-31,SF,WAS,-339.41,0.1478,SF,0.8522,10,27,SF,1
2023,17,2023-12-31,PIT,SEA,20.59,0.5793,SEA,0.5793,23,30,PIT,0
2023,17,2023-12-31,LAC,DEN,-65.45,0.4563,LAC,0.5437,16,9,DEN,0
2023,17,2023-12-31,CIN,KC,184.68,0.7798,KC,0.7798,25,17,KC,1
2023,17,2024-01-01,GB,MIN,-24.71,0.5148,MIN,0.5148,10,33,GB,0
2023,18,2024-01-06,PIT,BAL,160.56,0.7551,BAL,0.7551,10,17,PIT,0
2023,18,2024-01-07,HOU,IND,91.65,0.6746,IND,0.6746,19,23,HOU,0
2023,18,2024-01-07,TB,CAR,-222.29,0.2539,TB,0.7461,0,9,TB,1
2023,18,2024-01-07,CLE,CIN,34.82,0.5991,CIN,0.5991,31,14,CIN,1
2023,18,2024-01-07,MIN,DET,-61.47,0.462,MIN,0.538,30,20,DET,0
2023,18,2024-01-07,NYJ,NE,164.13,0.7588,NE,0.7588,3,17,NYJ,0
2023,18,2024-01-07,ATL,NO,157.91,0.7522,NO,0.7522,48,17,NO,1
2023,18,2024-01-07,JAX,TEN,23.2,0.583,TEN,0.583,28,20,TEN,1
2023,18,2024-01-07,SEA,ARI,-151.65,0.3382,SEA,0.6618,20,21,SEA,1
2023,18,2024-01-07,CHI,GB,185.21,0.7803,GB,0.7803,17,9,GB,1
2023,18,2024-01-07,KC,LAC,-261.17,0.2138,KC,0.7862,12,13,KC,1
2023,18,2024-01-07,DEN,LV,31.07,0.594,LV,0.594,27,14,LV,1
2023,18,2024-01-07,PHI,NYG,-253.69,0.2212,PHI,0.7788,27,10,NYG,0
2023,18,2024-01-07,LAR,SF,153.81,0.7478,SF,0.7478,20,21,LAR,0
2023,18,2024-01-07,DAL,WAS,-294.26,0.1836,DAL,0.8164,10,38,DAL,1
2023,18,2024-01-08,BUF,MIA,-176.71,0.3067,BUF,0.6933,14,21,BUF,1
2024,1,2024-09-06,BAL,KC,29.56,0.5919,KC,0.5919,27,20,KC,1
2024,1,2024-09-07,GB,PHI,-22.1,0.5186,PHI,0.5186,34,29,PHI,1
2024,1,2024-09-08,PIT,ATL,-142.58,0.3499,PIT,0.6501,10,18,PIT,1
2024,1,2024-09-08,ARI,BUF,330.91,0.8915,BUF,0.8915,34,28,BUF,1
2024,1,2024-09-08,TEN,CHI,-34.19,0.5012,CHI,0.5012,24,17,CHI,1
2024,1,2024-09-08,NE,CIN,60.03,0.6334,CIN,0.6334,10,16,NE,0
2024,1,2024-09-08,HOU,IND,76.15,0.6547,IND,0.6547,27,29,HOU,0
2024,1,2024-09-08,JAX,MIA,124.76,0.715,MIA,0.715,20,17,MIA,1
2024,1,2024-09-08,CAR,NO,261.69,0.8466,NO,0.8466,47,10,NO,1
2024,1,2024-09-08,MIN,NYG,-161.01,0.3262,MIN,0.6738,6,28,MIN,1
2024,1,2024-09-08,LV,LAC,5.6,0.5582,LAC,0.5582,22,10,LAC,1
2024,1,2024-09-08,DEN,SEA,144.96,0.7381,SEA,0.7381,26,20,SEA,1
2024,1,2024-09-08,DAL,CLE,-170.97,0.3137,DAL,0.6863,17,33,DAL,1
2024,1,2024-09-08,WAS,TB,210.43,0.8042,TB,0.8042,37,20,TB,1
2024,1,2024-09-09,LAR,DET,-60.57,0.4633,LAR,0.5367,26,20,DET,0
2024,1,2024-09-10,NYJ,SF,344.93,0.8991,SF,0.8991,32,19,SF,1
2024,2,2024-09-13,BUF,MIA,-184.45,0.2973,BUF,0.7027,10,31,BUF,1
2024,2,2024-09-15,LV,BAL,243.57,0.8325,BAL,0.8325,23,26,LV,0
2024,2,2024-09-15,LAC,CAR,-147.47,0.3436,LAC,0.6564,3,26,LAC,1
2024,2,2024-09-15,NO,DAL,67.31,0.6431,DAL,0.6431,19,44,NO,0
2024,2,2024-09-15,TB,DET,-63.52,0.459,TB,0.541,16,20,TB,1
2024,2,2024-09-15,IND,GB,158.24,0.7526,GB,0.7526,16,10,GB,1
2024,2,2024-09-15,CLE,JAX,-67.17,0.4538,CLE,0.5462,13,18,CLE,1
2024,2,2024-09-15,SF,MIN,-155.79,0.3328,SF,0.6672,23,17,MIN,0
2024,2,2024-09-15,SEA,NE,-61.58,0.4618,SEA,0.5382,20,23,SEA,1
2024,2,2024-09-15,NYJ,TEN,92.3,0.6754,TEN,0.6754,17,24,NYJ,0
2024,2,2024-09-15,NYG,WAS,-16.57,0.5265,WAS,0.5265,21,18,WAS,1
2024,2,2024-09-15,LAR,ARI,-153.83,0.3354,LAR,0.6646,41,10,ARI,0
2024,2,2024-09-15,PIT,DEN,-160.91,0.3263,PIT,0.6737,6,13,PIT,1
2024,2,2024-09-15,CIN,KC,197.46,0.7922,KC,0.7922,26,25,KC,1
2024,2,2024-09-16,CHI,HOU,-45.88,0.4844,CHI,0.5156,19,13,HOU,0
2024,2,2024-09-17,ATL,PHI,185.47,0.7806,PHI,0.7806,21,22,ATL,0
2024,3,2024-09-20,NE,NYJ,-126.09,0.3718,NE,0.6282,24,3,NYJ,0
2024,3,2024-09-22,NYG,CLE,127.65,0.7183,CLE,0.7183,15,21,NYG,0
2024,3,2024-09-22,CHI,IND,23.25,0.583,IND,0.583,21,16,IND,1
2024,3,2024-09-22,HOU,MIN,165.42,0.7602,MIN,0.7602,34,7,MIN,1
2024,3,2024-09-22,PHI,NO,32.0,0.5952,NO,0.5952,12,15,PHI,0
2024,3,2024-09-22,LAC,PIT,85.44,0.6667,PIT,0.6667,20,10,PIT,1
2024,3,2024-09-22,DEN,TB,174.28,0.7694,TB,0.7694,7,26,DEN,0
2024,3,2024-09-22,GB,TEN,-173.11,0.3111,GB,0.6889,14,30,GB,1
2024,3,2024-09-22,CAR,LV,140.96,0.7336,LV,0.7336,22,36,CAR,0
2024,3,2024-09-22,MIA,SEA,26.5,0.5876,SEA,0.5876,24,3,SEA,1
2024,3,2024-09-22,DET,ARI,-76.67,0.4403,DET,0.5597,13,20,DET,1
2024,3,2024-09-22,BAL,DAL,-39.05,0.4942,BAL,0.5058,25,28,BAL,1
2024,3,2024-09-22,SF,LAR,-171.11,0.3136,SF,0.6864,27,24,LAR,0
2024,3,2024-09-23,KC,ATL,-319.17,0.163,KC,0.837,17,22,KC,1
2024,3,2024-09-23,JAX,BUF,330.09,0.8911,BUF,0.8911,47,10,BUF,1
2024,3,2024-09-24,WAS,CIN,182.05,0.7772,CIN,0.7772,33,38,WAS,0
2024,4,2024-09-27,DAL,NYG,-270.17,0.2053,DAL,0.7947,15,20,DAL,1
2024,4,2024-09-29,NO,ATL,-202.3,0.2763,NO,0.7237,26,24,ATL,0
2024,4,2024-09-29,CIN,CAR,-194.79,0.285,CIN,0.715,24,34,CIN,1
2024,4,2024-09-29,LAR,CHI,-113.75,0.3886,LAR,0.6114,24,18,CHI,0
2024,4,2024-09-29,MIN,GB,52.26,0.623,GB,0.623,29,31,MIN,0
2024,4,2024-09-29,JAX,HOU,-21.13,0.52,HOU,0.52,24,20,HOU,1
2024,4,2024-09-29,PIT,IND,-127.37,0.3701,PIT,0.6299,27,24,IND,0
2024,4,2024-09-29,DEN,NYJ,-36.68,0.4976,DEN,0.5024,9,10,DEN,1
2024,4,2024-09-29,PHI,TB,-44.6,0.4862,PHI,0.5138,33,16,TB,0
2024,4,2024-09-29,WAS,ARI,52.44,0.6232,ARI,0.6232,14,42,WAS,0
2024,4,2024-09-29,NE,SF,215.84,0.8091,SF,0.8091,30,13,SF,1
2024,4,2024-09-29,KC,LAC,-258.87,0.2161,KC,0.7839,10,17,KC,1
2024,4,2024-09-29,CLE,LV,-38.14,0.4955,CLE,0.5045,20,16,LV,0
2024,4,2024-09-30,BUF,BAL,-52.34,0.4751,BUF,0.5249,35,10,BAL,0
2024,4,2024-09-30,TEN,MIA,94.17,0.6778,MIA,0.6778,12,31,TEN,0
2024,4,2024-10-01,SEA,DET,-68.84,0.4514,SEA,0.5486,42,29,DET,0
2024,5,2024-10-04,TB,ATL,-147.1,0.344,TB,0.656,36,30,ATL,0
2024,5,2024-10-06,NYJ,MIN,190.2,0.7852,MIN,0.7852,23,17,MIN,1
2024,5,2024-10-06,CAR,CHI,97.76,0.6823,CHI,0.6823,36,10,CHI,1
2024,5,2024-10-06,BAL,CIN,-178.08,0.305,BAL,0.695,38,41,BAL,1
2024,5,2024-10-06,BUF,HOU,-333.96,0.1517,BUF,0.8483,23,20,HOU,0
2024,5,2024-10-06,IND,JAX,-58.73,0.4659,IND,0.5341,37,34,JAX,0
2024,5,2024-10-06,MIA,NE,-36.96,0.4972,MIA,0.5028,10,15,MIA,1
2024,5,2024-10-06,CLE,WAS,-84.04,0.4299,CLE,0.5701,34,13,WAS,0
2024,5,2024-10-06,LV,DEN,-21.13,0.52,DEN,0.52,34,18,DEN,1
2024,5,2024-10-06,ARI,SF,299.71,0.8729,SF,0.8729,23,24,ARI,0
2024,5,2024-10-06,GB,LAR,-91.12,0.4199,GB,0.5801,19,24,GB,1
2024,5,2024-10-06,NYG,SEA,194.99,0.7898,SEA,0.7898,20,29,NYG,0
2024,5,2024-10-07,DAL,PIT,-71.73,0.4473,DAL,0.5527,17,20,DAL,1
2024,5,2024-10-08,NO,KC,129.86,0.7209,KC,0.7209,26,13,KC,1
2024,6,2024-10-11,SF,SEA,-136.14,0.3584,SF,0.6416,24,36,SF,1
2024,6,2024-10-13,JAX,CHI,32.07,0.5953,CHI,0.5953,35,16,CHI,1
2024,6,2024-10-13,WAS,BAL,306.97,0.8775,BAL,0.8775,30,23,BAL,1
2024,6,2024-10-13,ARI,GB,220.1,0.8128,GB,0.8128,34,13,GB,1
2024,6,2024-10-13,HOU,NE,62.71,0.637,NE,0.637,21,41,HOU,0
2024,6,2024-10-13,TB,NO,46.13,0.6147,NO,0.6147,27,51,TB,0
2024,6,2024-10-13,CLE,PHI,130.31,0.7214,PHI,0.7214,20,16,PHI,1
2024,6,2024-10-13,IND,TEN,-3.0,0.5459,TEN,0.5459,17,20,IND,0
2024,6,2024-10-13,LAC,DEN,-37.86,0.4959,LAC,0.5041,16,23,LAC,1
2024,6,2024-10-13,PIT,LV,-133.15,0.3624,PIT,0.6376,13,32,PIT,1
2024,6,2024-10-13,ATL,CAR,-115.42,0.3863,ATL,0.6137,20,38,ATL,1
2024,6,2024-10-13,DET,DAL,127.57,0.7183,DAL,0.7183,9,47,DET,0
2024,6,2024-10-14,CIN,NYG,-148.4,0.3424,CIN,0.6576,7,17,CIN,1
2024,6,2024-10-15,BUF,NYJ,-337.52,0.1491,BUF,0.8509,20,23,BUF,1
2024,7,2024-10-18,DEN,NO,153.82,0.7478,NO,0.7478,10,33,DEN,0
2024,7,2024-10-20,NE,JAX,-48.17,0.481,NE,0.519,32,16,JAX,0
2024,7,2024-10-20,SEA,ATL,-99.98,0.4076,SEA,0.5924,14,34,SEA,1
2024,7,2024-10-20,TEN,BUF,274.61,0.856,BUF,0.856,34,10,BUF,1
2024,7,2024-10-20,CIN,CLE,-85.55,0.4278,CIN,0.5722,14,21,CIN,1
2024,7,2024-10-20,HOU,GB,206.72,0.8008,GB,0.8008,24,22,GB,1
2024,7,2024-10-20,MIA,IND,-53.36,0.4736,MIA,0.5264,16,10,IND,0
2024,7,2024-10-20,DET,MIN,20.42,0.5791,MIN,0.5791,29,31,DET,0
2024,7,2024-10-20,PHI,NYG,-212.41,0.2648,PHI,0.7352,3,28,PHI,1
2024,7,2024-10-20,LV,LAR,92.56,0.6757,LAR,0.6757,20,15,LAR,1
2024,7,2024-10-20,CAR,WAS,100.21,0.6853,WAS,0.6853,40,7,WAS,1
2024,7,2024-10-20,KC,SF,-53.95,0.4728,KC,0.5272,18,28,KC,1
2024,7,2024-10-21,NYJ,PIT,200.42,0.795,PIT,0.795,37,15,PIT,1
2024,7,2024-10-22,BAL,TB,-133.97,0.3613,BAL,0.6387,31,41,BAL,1
2024,7,2024-10-22,LAC,ARI,-92.76,0.4176,LAC,0.5824,17,15,ARI,0
2024,8,2024-10-25,MIN,LAR,-49.08,0.4797,MIN,0.5203,30,20,LAR,0
2024,8,2024-10-27,PHI,CIN,-52.96,0.4742,PHI,0.5258,17,37,PHI,1
2024,8,2024-10-27,BAL,CLE,-278.72,0.1973,BAL,0.8027,29,24,CLE,0
2024,8,2024-10-27,TEN,DET,120.81,0.7103,DET,0.7103,52,14,DET,1
2024,8,2024-10-27,IND,HOU,-50.56,0.4776,IND,0.5224,23,20,HOU,0
2024,8,2024-10-27,GB,JAX,-218.07,0.2585,GB,0.7415,27,30,GB,1
2024,8,2024-10-27,ARI,MIA,104.81,0.691,MIA,0.691,27,28,ARI,0
2024,8,2024-10-27,NYJ,NE,55.17,0.6269,NE,0.6269,25,22,NE,1
2024,8,2024-10-27,ATL,TB,144.67,0.7377,TB,0.7377,26,31,ATL,0
2024,8,2024-10-27,NO,LAC,-81.22,0.4339,NO,0.5661,26,8,LAC,0
2024,8,2024-10-27,BUF,SEA,-166.17,0.3197,BUF,0.6803,10,31,BUF,1
2024,8,2024-10-27,CAR,DEN,162.55,0.7572,DEN,0.7572,28,14,DEN,1
2024,8,2024-10-27,KC,LV,-338.94,0.1481,KC,0.8519,20,27,KC,1
2024,8,2024-10-27,CHI,WAS,-30.09,0.5071,WAS,0.5071,18,15,WAS,1
2024,8,2024-10-28,DAL,SF,69.37,0.6458,SF,0.6458,30,24,SF,1
2024,8,2024-10-29,NYG,PIT,217.53,0.8106,PIT,0.8106,26,18,PIT,1
2024,9,2024-11-01,HOU,NYJ,-53.66,0.4732,HOU,0.5268,21,13,NYJ,0
2024,9,2024-11-03,DAL,ATL,-171.08,0.3136,DAL,0.6864,27,21,ATL,0
2024,9,2024-11-03,DEN,BAL,253.28,0.8402,BAL,0.8402,41,10,BAL,1
2024,9,2024-11-03,MIA,BUF,233.5,0.8243,BUF,0.8243,30,27,BUF,1
2024,9,2024-11-03,NO,CAR,-258.18,0.2167,NO,0.7833,23,22,CAR,0
2024,9,2024-11-03,LV,CIN,110.98,0.6985,CIN,0.6985,41,24,CIN,1
2024,9,2024-11-03,LAC,CLE,-43.42,0.4879,LAC,0.5121,10,27,LAC,1
2024,9,2024-11-03,WAS,NYG,-61.07,0.4625,WAS,0.5375,22,27,WAS,1
2024,9,2024-11-03,NE,TEN,-5.13,0.5429,TEN,0.5429,20,17,TEN,1
2024,9,2024-11-03,CHI,ARI,-40.21,0.4925,CHI,0.5075,29,9,ARI,0
2024,9,2024-11-03,JAX,PHI,207.13,0.8012,PHI,0.8012,28,23,PHI,1
2024,9,2024-11-03,DET,GB,54.92,0.6266,GB,0.6266,14,24,DET,0
2024,9,2024-11-03,LAR,SEA,15.13,0.5716,SEA,0.5716,20,26,LAR,0
2024,9,2024-11-04,IND,MIN,98.38,0.683,MIN,0.683,21,13,MIN,1
2024,9,2024-11-05,TB,KC,194.27,0.7891,KC,0.7891,30,24,KC,1
2024,10,2024-11-08,CIN,BAL,183.1,0.7783,BAL,0.7783,35,34,BAL,1
2024,10,2024-11-10,NYG,CAR,-64.9,0.4571,NYG,0.5429,20,17,CAR,0
2024,10,2024-11-10,NE,CHI,1.67,0.5526,CHI,0.5526,3,19,NE,0
2024,10,2024-11-10,BUF,IND,-278.38,0.1977,BUF,0.8023,20,30,BUF,1
2024,10,2024-11-10,MIN,JAX,-161.36,0.3258,MIN,0.6742,7,12,MIN,1
2024,10,2024-11-10,DEN,KC,308.63,0.8785,KC,0.8785,16,14,KC,1
2024,10,2024-11-10,ATL,NO,90.62,0.6733,NO,0.6733,20,17,NO,1
2024,10,2024-11-10,SF,TB,-126.8,0.3709,SF,0.6291,20,23,SF,1
2024,10,2024-11-10,PIT,WAS,-155.8,0.3328,PIT,0.6672,27,28,PIT,1
2024,10,2024-11-10,TEN,LAC,80.97,0.661,LAC,0.661,27,17,LAC,1
2024,10,2024-11-10,NYJ,ARI,43.11,0.6106,ARI,0.6106,31,6,ARI,1
2024,10,2024-11-10,PHI,DAL,-13.23,0.5313,DAL,0.5313,6,34,PHI,0
2024,10,2024-11-11,DET,HOU,-173.34,0.3108,DET,0.6892,23,26,DET,1
2024,10,2024-11-12,MIA,LAR,42.71,0.61,LAR,0.61,15,23,MIA,0
2024,11,2024-11-15,WAS,PHI,207.43,0.8015,PHI,0.8015,26,18,PHI,1
2024,11,2024-11-17,GB,CHI,-203.68,0.2747,GB,0.7253,19,20,GB,1
2024,11,2024-11-17,JAX,DET,189.96,0.785,DET,0.785,52,6,DET,1
2024,11,2024-11-17,LV,MIA,97.65,0.6821,MIA,0.6821,34,19,MIA,1
2024,11,2024-11-17,LAR,NE,-88.35,0.4238,LAR,0.5762,22,28,LAR,1
2024,11,2024-11-17,CLE,NO,103.52,0.6894,NO,0.6894,35,14,NO,1
2024,11,2024-11-17,IND,NYJ,-88.68,0.4234,IND,0.5766,27,28,IND,1
2024,11,2024-11-17,BAL,PIT,-131.61,0.3644,BAL,0.6356,18,16,PIT,0
2024,11,2024-11-17,MIN,TEN,-144.05,0.348,MIN,0.652,13,23,MIN,1
2024,11,2024-11-17,ATL,DEN,7.73,0.5612,DEN,0.5612,38,6,DEN,1
2024,11,2024-11-17,SEA,SF,156.44,0.7506,SF,0.7506,17,20,SEA,0
2024,11,2024-11-17,KC,BUF,-27.14,0.5113,BUF,0.5113,30,21,BUF,1
2024,11,2024-11-18,CIN,LAC,-16.95,0.526,LAC,0.526,34,27,LAC,1
2024,11,2024-11-19,HOU,DAL,170.66,0.7656,DAL,0.7656,10,34,HOU,0
2024,12,2024-11-22,PIT,CLE,-164.92,0.3213,PIT,0.6787,24,19,CLE,0
2024,12,2024-11-24,KC,CAR,-456.32,0.0813,KC,0.9187,27,30,KC,1
2024,12,2024-11-24,MIN,CHI,-164.49,0.3218,MIN,0.6782,27,30,MIN,1
2024,12,2024-11-24,TEN,HOU,15.86,0.5727,HOU,0.5727,27,32,TEN,0
2024,12,2024-11-24,DET,IND,-144.3,0.3477,DET,0.6523,6,24,DET,1
2024,12,2024-11-24,NE,MIA,80.52,0.6604,MIA,0.6604,34,15,MIA,1
2024,12,2024-11-24,TB,NYG,-208.17,0.2696,TB,0.7304,7,30,TB,1
2024,12,2024-11-24,DAL,WAS,-129.29,0.3675,DAL,0.6325,26,34,DAL,1
2024,12,2024-11-24,DEN,LV,-71.25,0.448,DEN,0.552,19,29,DEN,1
2024,12,2024-11-24,SF,GB,-68.94,0.4513,SF,0.5487,38,10,GB,0
2024,12,2024-11-24,ARI,SEA,110.65,0.6981,SEA,0.6981,16,6,SEA,1
2024,12,2024-11-25,PHI,LAR,-103.77,0.4023,PHI,0.5977,20,37,PHI,1
2024,12,2024-11-26,BAL,LAC,-189.54,0.2912,BAL,0.7088,23,30,BAL,1
2024,13,2024-11-28,CHI,DET,202.05,0.7965,DET,0.7965,23,20,DET,1
2024,13,2024-11-28,NYG,DAL,218.34,0.8113,DAL,0.8113,27,20,DAL,1
2024,13,2024-11-29,MIA,GB,115.28,0.7037,GB,0.7037,30,17,GB,1
2024,13,2024-11-29,LV,KC,362.53,0.9079,KC,0.9079,19,17,KC,1
2024,13,2024-12-01,LAC,ATL,-94.94,0.4146,LAC,0.5854,13,17,LAC,1
2024,13,2024-12-01,PIT,CIN,-59.45,0.4649,PIT,0.5351,38,44,PIT,1
2024,13,2024-12-01,HOU,JAX,-38.04,0.4956,HOU,0.5044,20,23,HOU,1
2024,13,2024-12-01,ARI,MIN,149.35,0.7429,MIN,0.7429,23,22,MIN,1
2024,13,2024-12-01,IND,NE,-20.65,0.5206,NE,0.5206,24,25,IND,0
2024,13,2024-12-01,SEA,NYJ,-190.76,0.2897,SEA,0.7103,21,26,SEA,1
2024,13,2024-12-01,TEN,WAS,-5.7,0.5421,WAS,0.5421,42,19,WAS,1
2024,13,2024-12-01,TB,CAR,-270.45,0.205,TB,0.795,23,26,TB,1
2024,13,2024-12-01,LAR,NO,28.45,0.5903,NO,0.5903,14,21,LAR,0
2024,13,2024-12-01,PHI,BAL,69.36,0.6458,BAL,0.6458,19,24,PHI,0
2024,13,2024-12-02,SF,BUF,81.85,0.6621,BUF,0.6621,35,10,BUF,1
2024,13,2024-12-03,CLE,DEN,43.3,0.6108,DEN,0.6108,41,32,DEN,1
2024,14,2024-12-06,GB,DET,-35.6,0.4991,GB,0.5009,34,31,DET,0
2024,14,2024-12-08,NYJ,MIA,162.18,0.7568,MIA,0.7568,32,26,MIA,1
2024,14,2024-12-08,ATL,MIN,158.36,0.7527,MIN,0.7527,42,21,MIN,1
2024,14,2024-12-08,NO,NYG,-203.01,0.2754,NO,0.7246,11,14,NO,1
2024,14,2024-12-08,CAR,PHI,362.97,0.9081,PHI,0.9081,22,16,PHI,1
2024,14,2024-12-08,CLE,PIT,161.79,0.7564,PIT,0.7564,27,14,PIT,1
2024,14,2024-12-08,LV,TB,177.9,0.773,TB,0.773,28,13,TB,1
2024,14,2024-12-08,JAX,TEN,27.04,0.5883,TEN,0.5883,6,10,JAX,0
2024,14,2024-12-08,SEA,ARI,-127.31,0.3702,SEA,0.6298,18,30,SEA,1
2024,14,2024-12-08,BUF,LAR,-224.63,0.2513,BUF,0.7487,44,42,LAR,0
2024,14,2024-12-08,CHI,SF,247.64,0.8358,SF,0.8358,38,13,SF,1
2024,14,2024-12-09,LAC,KC,229.61,0.821,KC,0.821,19,17,KC,1
2024,14,2024-12-10,CIN,DAL,43.87,0.6116,DAL,0.6116,20,27,CIN,0
2024,15,2024-12-13,LAR,SF,117.93,0.7069,SF,0.7069,6,12,LAR,0
2024,15,2024-12-15,DAL,CAR,-259.47,0.2155,DAL,0.7845,14,30,DAL,1
2024,15,2024-12-15,KC,CLE,-330.91,0.154,KC,0.846,7,21,KC,1
2024,15,2024-12-15,MIA,HOU,-90.52,0.4208,MIA,0.5792,20,12,HOU,0
2024,15,2024-12-15,NYJ,JAX,36.15,0.601,JAX,0.601,25,32,NYJ,0
2024,15,2024-12-15,WAS,NO,110.28,0.6977,NO,0.6977,19,20,WAS,0
2024,15,2024-12-15,BAL,NYG,-373.81,0.1245,BAL,0.8755,14,35,BAL,1
2024,15,2024-12-15,CIN,TEN,-127.72,0.3696,CIN,0.6304,27,37,CIN,1
2024,15,2024-12-15,NE,ARI,-1.63,0.5479,ARI,0.5479,30,17,ARI,1
2024,15,2024-12-15,IND,DEN,39.83,0.6061,DEN,0.6061,31,13,DEN,1
2024,15,2024-12-15,BUF,DET,-135.44,0.3594,BUF,0.6406,42,48,BUF,1
2024,15,2024-12-15,TB,LAC,-50.28,0.478,TB,0.522,17,40,TB,1
2024,15,2024-12-15,PIT,PHI,61.12,0.6349,PHI,0.6349,27,13,PHI,1
2024,15,2024-12-16,GB,SEA,-78.78,0.4373,GB,0.5627,13,30,GB,1
2024,15,2024-12-17,CHI,MIN,187.13,0.7822,MIN,0.7822,30,12,MIN,1
2024,15,2024-12-17,ATL,LV,-27.29,0.5111,LV,0.5111,9,15,ATL,0
2024,16,2024-12-20,DEN,LAC,7.33,0.5606,LAC,0.5606,34,27,LAC,1
2024,16,2024-12-21,HOU,KC,319.53,0.885,KC,0.885,27,19,KC,1
2024,16,2024-12-21,PIT,BAL,124.67,0.7149,BAL,0.7149,34,17,BAL,1
2024,16,2024-12-22,NYG,ATL,87.91,0.6699,ATL,0.6699,34,7,ATL,1
2024,16,2024-12-22,ARI,CAR,-140.1,0.3532,ARI,0.6468,36,30,CAR,0
2024,16,2024-12-22,DET,CHI,-217.09,0.2596,DET,0.7404,17,34,DET,1
2024,16,2024-12-22,CLE,CIN,113.42,0.7015,CIN,0.7015,24,6,CIN,1
2024,16,2024-12-22,TEN,IND,43.35,0.6109,IND,0.6109,38,30,IND,1
2024,16,2024-12-22,LAR,NYJ,-187.21,0.294,LAR,0.706,9,19,LAR,1
2024,16,2024-12-22,PHI,WAS,-227.82,0.2479,PHI,0.7521,36,33,WAS,0
2024,16,2024-12-22,MIN,SEA,-42.91,0.4886,MIN,0.5114,24,27,MIN,1
2024,16,2024-12-22,NE,BUF,347.47,0.9004,BUF,0.9004,24,21,BUF,1
2024,16,2024-12-22,JAX,LV,-0.42,0.5496,LV,0.5496,19,14,LV,1
2024,16,2024-12-22,SF,MIA,-136.63,0.3578,SF,0.6422,29,17,MIA,0
2024,16,2024-12-23,TB,DAL,-33.06,0.5028,DAL,0.5028,26,24,DAL,1
2024,16,2024-12-24,NO,GB,112.48,0.7003,GB,0.7003,34,0,GB,1
2024,17,2024-12-25,KC,PIT,-179.75,0.303,KC,0.697,10,29,KC,1
2024,17,2024-12-25,BAL,HOU,-282.51,0.1939,BAL,0.8061,2,31,BAL,1
2024,17,2024-12-27,SEA,CHI,-156.69,0.3317,SEA,0.6683,3,6,SEA,1
2024,17,2024-12-28,LAC,NE,-106.25,0.3989,LAC,0.6011,7,40,LAC,1
2024,17,2024-12-28,DEN,CIN,51.46,0.6219,CIN,0.6219,30,24,CIN,1
2024,17,2024-12-29,ARI,LAR,134.72,0.7265,LAR,0.7265,13,9,LAR,1
2024,17,2024-12-29,NYJ,BUF,400.97,0.9248,BUF,0.9248,40,14,BUF,1
2024,17,2024-12-29,TEN,JAX,-14.8,0.529,JAX,0.529,20,13,JAX,1
2024,17,2024-12-29,LV,NO,142.79,0.7356,NO,0.7356,10,25,LV,0
2024,17,2024-12-29,IND,NYG,-122.79,0.3763,IND,0.6237,45,33,NYG,0
2024,17,2024-12-29,DAL,PHI,97.15,0.6815,PHI,0.6815,41,7,PHI,1
2024,17,2024-12-29,CAR,TB,288.78,0.8657,TB,0.8657,48,14,TB,1
2024,17,2024-12-29,MIA,CLE,-110.11,0.3936,MIA,0.6064,3,20,MIA,1
2024,17,2024-12-29,GB,MIN,-68.04,0.4526,GB,0.5474,27,25,MIN,0
2024,17,2024-12-30,ATL,WAS,13.73,0.5697,WAS,0.5697,30,24,WAS,1
2024,17,2024-12-31,DET,SF,16.25,0.5732,SF,0.5732,34,40,DET,0
2024,18,2025-01-04,CLE,BAL,324.58,0.8879,BAL,0.8879,35,10,BAL,1
2024,18,2025-01-05,CIN,PIT,23.58,0.5835,PIT,0.5835,17,19,CIN,0
2024,18,2025-01-05,CAR,ATL,134.2,0.7259,ATL,0.7259,38,44,CAR,0
2024,18,2025-01-05,WAS,DAL,95.88,0.6799,DAL,0.6799,19,23,WAS,0
2024,18,2025-01-05,CHI,GB,276.72,0.8575,GB,0.8575,22,24,CHI,0
2024,18,2025-01-05,JAX,IND,50.09,0.6201,IND,0.6201,26,23,IND,1
2024,18,2025-01-05,BUF,NE,-369.07,0.1275,BUF,0.8725,23,16,NE,0
2024,18,2025-01-05,NYG,PHI,339.48,0.8962,PHI,0.8962,20,13,PHI,1
2024,18,2025-01-05,NO,TB,81.97,0.6622,TB,0.6622,27,19,TB,1
2024,18,2025-01-05,HOU,TEN,-52.28,0.4752,HOU,0.5248,14,23,HOU,1
2024,18,2025-01-05,SF,ARI,-208.44,0.2693,SF,0.7307,47,24,ARI,0
2024,18,2025-01-05,KC,DEN,-282.9,0.1936,KC,0.8064,38,0,DEN,0
2024,18,2025-01-05,SEA,LAR,10.41,0.565,LAR,0.565,25,30,SEA,0
2024,18,2025-01-05,LAC,LV,-130.19,0.3663,LAC,0.6337,20,34,LAC,1
2024,18,2025-01-05,MIA,NYJ,-181.37,0.301,MIA,0.699,32,20,NYJ,0
2024,18,2025-01-06,MIN,DET,23.27,0.5831,DET,0.5831,31,9,DET,1
2025,1,2025-09-05,DAL,PHI,133.89,0.7256,PHI,0.7256,24,20,PHI,1
2025,1,2025-09-06,KC,LAC,-194.34,0.2855,KC,0.7145,27,21,LAC,0
2025,1,2025-09-07,TB,ATL,-180.3,0.3023,TB,0.6977,20,23,TB,1
2025,1,2025-09-07,CIN,CLE,-154.74,0.3342,CIN,0.6658,16,17,CIN,1
2025,1,2025-09-07,MIA,IND,-86.46,0.4265,MIA,0.5735,33,8,IND,0
2025,1,2025-09-07,CAR,JAX,73.61,0.6514,JAX,0.6514,26,10,JAX,1
2025,1,2025-09-07,LV,NE,8.89,0.5628,NE,0.5628,13,20,LV,0
2025,1,2025-09-07,ARI,NO,64.53,0.6394,NO,0.6394,13,20,ARI,0
2025,1,2025-09-07,PIT,NYJ,-199.17,0.2799,PIT,0.7201,32,34,PIT,1
2025,1,2025-09-07,NYG,WAS,127.97,0.7187,WAS,0.7187,21,6,WAS,1
2025,1,2025-09-07,TEN,DEN,151.79,0.7456,DEN,0.7456,20,12,DEN,1
2025,1,2025-09-07,SF,SEA,-47.17,0.4825,SF,0.5175,13,17,SF,1
2025,1,2025-09-07,DET,GB,13.88,0.5699,GB,0.5699,27,13,GB,1
2025,1,2025-09-07,HOU,LAR,108.77,0.6959,LAR,0.6959,14,9,LAR,1
2025,1,2025-09-08,BAL,BUF,16.36,0.5734,BUF,0.5734,41,40,BUF,1
2025,1,2025-09-09,MIN,CHI,-198.41,0.2808,MIN,0.7192,24,27,MIN,1
2025,2,2025-09-12,WAS,GB,196.19,0.791,GB,0.791,27,18,GB,1
2025,2,2025-09-14,CLE,BAL,330.4,0.8912,BAL,0.8912,41,17,BAL,1
2025,2,2025-09-14,JAX,CIN,172.06,0.7671,CIN,0.7671,31,27,CIN,1
2025,2,2025-09-14,NYG,DAL,211.92,0.8056,DAL,0.8056,40,37,DAL,1
2025,2,2025-09-14,CHI,DET,241.71,0.831,DET,0.831,52,21,DET,1
2025,2,2025-09-14,NE,MIA,106.95,0.6936,MIA,0.6936,27,33,NE,0
2025,2,2025-09-14,SF,NO,-113.55,0.3889,SF,0.6111,21,26,SF,1
2025,2,2025-09-14,BUF,NYJ,-384.92,0.1177,BUF,0.8823,10,30,BUF,1
2025,2,2025-09-14,SEA,PIT,21.56,0.5807,PIT,0.5807,17,31,SEA,0
2025,2,2025-09-14,LAR,TEN,-187.16,0.294,LAR,0.706,19,33,LAR,1
2025,2,2025-09-14,CAR,ARI,155.99,0.7502,ARI,0.7502,27,22,ARI,1
2025,2,2025-09-14,DEN,IND,-70.7,0.4488,DEN,0.5512,29,28,IND,0
2025,2,2025-09-14,PHI,KC,46.64,0.6154,KC,0.6154,17,20,PHI,0
2025,2,2025-09-15,ATL,MIN,177.21,0.7723,MIN,0.7723,6,22,ATL,0
2025,2,2025-09-15,TB,HOU,-163.4,0.3232,TB,0.6768,19,20,TB,1
2025,2,2025-09-16,LAC,LV,-148.36,0.3424,LAC,0.6576,9,20,LAC,1
2025,3,2025-09-19,MIA,BUF,264.05,0.8483,BUF,0.8483,31,21,BUF,1
2025,3,2025-09-21,ATL,CAR,-142.03,0.3507,ATL,0.6493,30,0,CAR,0
2025,3,2025-09-21,GB,CLE,-273.08,0.2025,GB,0.7975,13,10,CLE,0
2025,3,2025-09-21,HOU,JAX,-51.89,0.4757,HOU,0.5243,17,10,JAX,0
2025,3,2025-09-21,CIN,MIN,12.82,0.5684,MIN,0.5684,48,10,MIN,1
2025,3,2025-09-21,PIT,NE,-153.46,0.3358,PIT,0.6642,14,21,PIT,1
2025,3,2025-09-21,LAR,PHI,124.81,0.715,PHI,0.715,33,26,PHI,1
2025,3,2025-09-21,NYJ,TB,239.66,0.8294,TB,0.8294,29,27,TB,1
2025,3,2025-09-21,IND,TEN,-100.2,0.4073,IND,0.5927,20,41,IND,1
2025,3,2025-09-21,LV,WAS,69.38,0.6459,WAS,0.6459,41,24,WAS,1
2025,3,2025-09-21,DEN,LAC,35.57,0.6002,LAC,0.6002,23,20,LAC,1
2025,3,2025-09-21,NO,SEA,73.72,0.6515,SEA,0.6515,44,13,SEA,1
2025,3,2025-09-21,DAL,CHI,-159.26,0.3284,DAL,0.6716,31,14,CHI,0
2025,3,2025-09-21,ARI,SF,160.24,0.7547,SF,0.7547,16,15,SF,1
2025,3,2025-09-22,KC,NYG,-393.92,0.1124,KC,0.8876,9,22,KC,1
2025,3,2025-09-23,DET,BAL,96.0,0.6801,BAL,0.6801,30,38,DET,0
2025,4,2025-09-26,SEA,ARI,-126.19,0.3717,SEA,0.6283,20,23,SEA,1
2025,4,2025-09-28,MIN,PIT,-33.37,0.5023,PIT,0.5023,24,21,PIT,1
2025,4,2025-09-28,WAS,ATL,-67.67,0.4531,WAS,0.5469,34,27,ATL,0
2025,4,2025-09-28,NO,BUF,281.88,0.8611,BUF,0.8611,31,19,BUF,1
2025,4,2025-09-28,CLE,DET,244.36,0.8331,DET,0.8331,34,10,DET,1
2025,4,2025-09-28,TEN,HOU,79.5,0.6591,HOU,0.6591,26,0,HOU,1
2025,4,2025-09-28,CAR,NE,80.42,0.6602,NE,0.6602,42,13,NE,1
2025,4,2025-09-28,LAC,NYG,-238.93,0.2361,LAC,0.7639,21,18,NYG,0
2025,4,2025-09-28,PHI,TB,-85.13,0.4284,PHI,0.5716,25,31,PHI,1
2025,4,2025-09-28,IND,LAR,83.07,0.6637,LAR,0.6637,27,20,LAR,1
2025,4,2025-09-28,JAX,SF,223.18,0.8155,SF,0.8155,21,26,JAX,0
2025,4,2025-09-28,BAL,KC,0.84,0.5514,KC,0.5514,37,20,KC,1
2025,4,2025-09-28,CHI,LV,-13.39,0.5311,LV,0.5311,24,25,CHI,0
2025,4,2025-09-29,GB,DAL,-137.66,0.3564,GB,0.6436,40,40,TIE,1
2025,4,2025-09-29,NYJ,MIA,125.71,0.7161,MIA,0.7161,27,21,MIA,1
2025,4,2025-09-30,CIN,DEN,-20.68,0.5206,DEN,0.5206,28,3,DEN,1
2025,5,2025-10-03,SF,LAR,-44.01,0.487,SF,0.513,23,26,SF,1
2025,5,2025-10-05,MIN,CLE,-191.82,0.2885,MIN,0.7115,17,21,MIN,1
2025,5,2025-10-05,HOU,BAL,269.0,0.8519,BAL,0.8519,10,44,HOU,0
2025,5,2025-10-05,MIA,CAR,-187.89,0.2932,MIA,0.7068,27,24,CAR,0
2025,5,2025-10-05,LV,IND,86.32,0.6678,IND,0.6678,40,6,IND,1
2025,5,2025-10-05,NYG,NO,142.14,0.7349,NO,0.7349,26,14,NO,1
2025,5,2025-10-05,DAL,NYJ,-164.59,0.3217,DAL,0.6783,22,37,DAL,1
2025,5,2025-10-05,DEN,PHI,159.89,0.7543,PHI,0.7543,17,21,DEN,0
2025,5,2025-10-05,TEN,ARI,112.97,0.7009,ARI,0.7009,21,22,TEN,0
2025,5,2025-10-05,TB,SEA,-16.72,0.5263,SEA,0.5263,35,38,TB,0
2025,5,2025-10-05,DET,CIN,-131.39,0.3647,DET,0.6353,24,37,DET,1
2025,5,2025-10-05,WAS,LAC,89.09,0.6714,LAC,0.6714,10,27,WAS,0
2025,5,2025-10-06,NE,BUF,348.75,0.9011,BUF,0.9011,20,23,NE,0
2025,5,2025-10-07,KC,JAX,-332.67,0.1527,KC,0.8473,31,28,JAX,0
2025,6,2025-10-10,PHI,NYG,-362.77,0.1316,PHI,0.8684,34,17,NYG,0
2025,6,2025-10-12,DEN,NYJ,-193.96,0.286,DEN,0.714,11,13,DEN,1
2025,6,2025-10-12,LAR,BAL,118.69,0.7078,BAL,0.7078,3,17,LAR,0
2025,6,2025-10-12,DAL,CAR,-219.8,0.2566,DAL,0.7434,30,27,CAR,0
2025,6,2025-10-12,ARI,IND,40.19,0.6065,IND,0.6065,31,27,IND,1
2025,6,2025-10-12,SEA,JAX,-166.61,0.3192,SEA,0.6808,12,20,SEA,1
2025,6,2025-10-12,LAC,MIA,-52.04,0.4755,LAC,0.5245,27,29,LAC,1
2025,6,2025-10-12,NE,NO,59.41,0.6326,NO,0.6326,19,25,NE,0
2025,6,2025-10-12,CLE,PIT,172.81,0.7679,PIT,0.7679,23,9,PIT,1
2025,6,2025-10-12,TEN,LV,27.69,0.5892,LV,0.5892,20,10,LV,1
2025,6,2025-10-12,CIN,GB,148.35,0.7418,GB,0.7418,27,18,GB,1
2025,6,2025-10-12,SF,TB,-6.98,0.5402,TB,0.5402,30,19,TB,1
2025,6,2025-10-13,DET,KC,66.24,0.6417,KC,0.6417,30,17,KC,1
2025,6,2025-10-13,BUF,ATL,-336.05,0.1502,BUF,0.8498,24,14,ATL,0
2025,6,2025-10-14,CHI,WAS,79.85,0.6595,WAS,0.6595,24,25,CHI,0
2025,7,2025-10-17,PIT,CIN,-64.24,0.458,PIT,0.542,33,31,CIN,0
2025,7,2025-10-19,LAR,JAX,-168.55,0.3167,LAR,0.6833,7,35,LAR,1
2025,7,2025-10-19,NO,CHI,-60.36,0.4636,NO,0.5364,26,14,CHI,0
2025,7,2025-10-19,MIA,CLE,-91.21,0.4198,MIA,0.5802,31,6,CLE,0
2025,7,2025-10-19,LV,KC,359.12,0.9063,KC,0.9063,31,0,KC,1
2025,7,2025-10-19,PHI,MIN,-75.22,0.4424,PHI,0.5576,22,28,PHI,1
2025,7,2025-10-19,CAR,NYJ,29.82,0.5922,NYJ,0.5922,6,13,CAR,0
2025,7,2025-10-19,NE,TEN,-96.17,0.4129,NE,0.5871,13,31,NE,1
2025,7,2025-10-19,NYG,DEN,201.68,0.7962,DEN,0.7962,33,32,DEN,1
2025,7,2025-10-19,IND,LAC,53.98,0.6253,LAC,0.6253,24,38,IND,0
2025,7,2025-10-19,GB,ARI,-227.17,0.2486,GB,0.7514,23,27,GB,1
2025,7,2025-10-19,WAS,DAL,44.9,0.613,DAL,0.613,44,22,DAL,1
2025,7,2025-10-20,ATL,SF,170.99,0.766,SF,0.766,20,10,SF,1
2025,7,2025-10-20,TB,DET,38.17,0.6038,DET,0.6038,24,9,DET,1
2025,7,2025-10-21,HOU,SEA,109.39,0.6966,SEA,0.6966,27,19,SEA,1
2025,8,2025-10-24,MIN,LAC,-59.5,0.4648,MIN,0.5352,37,10,LAC,0
2025,8,2025-10-26,MIA,ATL,-33.03,0.5028,ATL,0.5028,10,34,MIA,0
2025,8,2025-10-26,CHI,BAL,237.87,0.8279,BAL,0.8279,30,16,BAL,1
2025,8,2025-10-26,BUF,CAR,-410.03,0.1035,BUF,0.8965,9,40,BUF,1
2025,8,2025-10-26,NYJ,CIN,174.4,0.7695,CIN,0.7695,38,39,NYJ,0
2025,8,2025-10-26,SF,HOU,-138.65,0.3551,SF,0.6449,26,15,HOU,0
2025,8,2025-10-26,CLE,NE,29.36,0.5916,NE,0.5916,32,13,NE,1
2025,8,2025-10-26,NYG,PHI,330.47,0.8913,PHI,0.8913,38,20,PHI,1
2025,8,2025-10-26,TB,NO,-147.17,0.344,TB,0.656,3,23,TB,1
2025,8,2025-10-26,DAL,DEN,12.02,0.5673,DEN,0.5673,44,24,DEN,1
2025,8,2025-10-26,TEN,IND,182.85,0.778,IND,0.778,38,14,IND,1
2025,8,2025-10-27,GB,PIT,-100.72,0.4065,GB,0.5935,25,35,GB,1
2025,8,2025-10-28,WAS,KC,271.87,0.854,KC,0.854,28,7,KC,1
2025,9,2025-10-31,BAL,MIA,-184.63,0.2971,BAL,0.7029,6,28,BAL,1
2025,9,2025-11-02,CHI,CIN,90.48,0.6731,CIN,0.6731,42,47,CHI,0
2025,9,2025-11-02,MIN,DET,97.61,0.6821,DET,0.6821,24,27,MIN,0
2025,9,2025-11-02,CAR,GB,351.58,0.9025,GB,0.9025,13,16,CAR,0
2025,9,2025-11-02,DEN,HOU,-82.22,0.4325,DEN,0.5675,15,18,DEN,1
2025,9,2025-11-02,ATL,NE,44.74,0.6128,NE,0.6128,24,23,NE,1
2025,9,2025-11-02,SF,NYG,-250.87,0.224,SF,0.776,24,34,SF,1
2025,9,2025-11-02,IND,PIT,49.52,0.6193,PIT,0.6193,27,20,PIT,1
2025,9,2025-11-02,LAC,TEN,-235.11,0.2401,LAC,0.7599,20,27,LAC,1
2025,9,2025-11-02,NO,LAR,137.96,0.7302,LAR,0.7302,34,10,LAR,1
2025,9,2025-11-02,JAX,LV,-19.67,0.522,LV,0.522,29,30,JAX,0
2025,9,2025-11-02,KC,BUF,-0.45,0.5496,BUF,0.5496,28,21,BUF,1
2025,9,2025-11-03,SEA,WAS,-123.96,0.3747,SEA,0.6253,14,38,SEA,1
2025,9,2025-11-04,ARI,DAL,87.54,0.6694,DAL,0.6694,17,27,ARI,0
2025,10,2025-11-07,LV,DEN,198.52,0.7932,DEN,0.7932,10,7,DEN,1
2025,10,2025-11-09,ATL,IND,99.14,0.684,IND,0.684,31,25,IND,1
2025,10,2025-11-09,NO,CAR,-105.68,0.3997,NO,0.6003,7,17,NO,1
2025,10,2025-11-09,NYG,CHI,88.46,0.6706,CHI,0.6706,24,20,CHI,1
2025,10,2025-11-09,JAX,HOU,78.96,0.6584,HOU,0.6584,36,29,HOU,1
2025,10,2025-11-09,BUF,MIA,-280.3,0.1959,BUF,0.8041,30,13,MIA,0
2025,10,2025-11-09,BAL,MIN,-100.12,0.4074,BAL,0.5926,19,27,BAL,1
2025,10,2025-11-09,CLE,NYJ,-54.16,0.4725,CLE,0.5275,27,20,NYJ,0
2025,10,2025-11-09,NE,TB,159.27,0.7537,TB,0.7537,23,28,NE,0
2025,10,2025-11-09,ARI,SEA,151.18,0.7449,SEA,0.7449,44,22,SEA,1
2025,10,2025-11-09,LAR,SF,2.99,0.5545,SF,0.5545,26,42,LAR,0
2025,10,2025-11-09,DET,WAS,-206.38,0.2716,DET,0.7284,22,44,DET,1
2025,10,2025-11-10,PIT,LAC,-13.86,0.5304,LAC,0.5304,25,10,LAC,1
2025,10,2025-11-11,PHI,GB,-8.87,0.5375,GB,0.5375,7,10,PHI,0
2025,11,2025-11-14,NYJ,NE,111.46,0.6991,NE,0.6991,27,14,NE,1
2025,11,2025-11-16,WAS,MIA,47.53,0.6166,MIA,0.6166,16,13,MIA,1
2025,11,2025-11-16,CAR,ATL,75.9,0.6544,ATL,0.6544,27,30,CAR,0
2025,11,2025-11-16,TB,BUF,123.97,0.714,BUF,0.714,44,32,BUF,1
2025,11,2025-11-16,LAC,JAX,-172.69,0.3116,LAC,0.6884,35,6,JAX,0
2025,11,2025-11-16,CHI,MIN,134.87,0.7267,MIN,0.7267,17,19,CHI,0
2025,11,2025-11-16,GB,NYG,-328.6,0.1558,GB,0.8442,20,27,GB,1
2025,11,2025-11-16,CIN,PIT,53.49,0.6247,PIT,0.6247,34,12,PIT,1
2025,11,2025-11-16,HOU,TEN,-171.32,0.3133,HOU,0.6867,13,16,HOU,1
2025,11,2025-11-16,SF,ARI,-141.03,0.352,SF,0.648,22,41,SF,1
2025,11,2025-11-16,SEA,LAR,1.57,0.5524,LAR,0.5524,21,19,LAR,1
2025,11,2025-11-16,BAL,CLE,-289.31,0.1879,BAL,0.8121,16,23,BAL,1
2025,11,2025-11-16,KC,DEN,-165.8,0.3202,KC,0.6798,22,19,DEN,0
2025,11,2025-11-17,DET,PHI,19.12,0.5773,PHI,0.5773,16,9,PHI,1
2025,11,2025-11-18,DAL,LV,-143.81,0.3483,DAL,0.6517,16,33,DAL,1
2025,12,2025-11-21,BUF,HOU,-251.38,0.2235,BUF,0.7765,23,19,HOU,0
2025,12,2025-11-23,NYJ,BAL,335.21,0.8939,BAL,0.8939,23,10,BAL,1
2025,12,2025-11-23,PIT,CHI,-129.05,0.3679,PIT,0.6321,31,28,CHI,0
2025,12,2025-11-23,NE,CIN,16.06,0.573,CIN,0.573,20,26,NE,0
2025,12,2025-11-23,NYG,DET,325.43,0.8884,DET,0.8884,34,27,DET,1
2025,12,2025-11-23,MIN,GB,105.99,0.6924,GB,0.6924,23,6,GB,1
2025,12,2025-11-23,IND,KC,219.64,0.8124,KC,0.8124,23,20,KC,1
2025,12,2025-11-23,SEA,TEN,-296.62,0.1815,SEA,0.8185,24,30,SEA,1
2025,12,2025-11-23,JAX,ARI,12.4,0.5678,ARI,0.5678,24,27,JAX,0
2025,12,2025-11-23,CLE,LV,-29.92,0.5073,LV,0.5073,10,24,CLE,0
2025,12,2025-11-23,PHI,DAL,-170.23,0.3147,PHI,0.6853,24,21,DAL,0
2025,12,2025-11-23,ATL,NO,52.2,0.6229,NO,0.6229,10,24,ATL,0
2025,12,2025-11-24,TB,LAR,13.35,0.5691,LAR,0.5691,34,7,LAR,1
2025,12,2025-11-25,CAR,SF,260.54,0.8457,SF,0.8457,20,9,SF,1
2025,13,2025-11-27,GB,DET,-14.05,0.5301,DET,0.5301,24,31,GB,0
2025,13,2025-11-27,KC,DAL,-202.97,0.2755,KC,0.7245,31,28,DAL,0
2025,13,2025-11-28,CIN,BAL,205.01,0.7992,BAL,0.7992,14,32,CIN,0
2025,13,2025-11-28,CHI,PHI,240.35,0.8299,PHI,0.8299,15,24,CHI,0
2025,13,2025-11-30,LAR,CAR,-301.31,0.1776,LAR,0.8224,31,28,CAR,0
2025,13,2025-11-30,SF,CLE,-194.31,0.2856,SF,0.7144,8,26,SF,1
2025,13,2025-11-30,HOU,IND,14.23,0.5704,IND,0.5704,16,20,HOU,0
2025,13,2025-11-30,NO,MIA,61.7,0.6357,MIA,0.6357,21,17,MIA,1
2025,13,2025-11-30,ATL,NYJ,-64.11,0.4582,ATL,0.5418,27,24,NYJ,0
2025,13,2025-11-30,ARI,TB,158.72,0.7531,TB,0.7531,20,17,TB,1
2025,13,2025-11-30,JAX,TEN,-119.87,0.3802,JAX,0.6198,3,25,JAX,1
2025,13,2025-11-30,MIN,SEA,54.65,0.6262,SEA,0.6262,26,0,SEA,1
2025,13,2025-11-30,LV,LAC,193.31,0.7882,LAC,0.7882,31,14,LAC,1
2025,13,2025-11-30,BUF,PIT,-168.29,0.3171,BUF,0.6829,7,26,BUF,1
2025,13,2025-12-01,DEN,WAS,-138.93,0.3547,DEN,0.6453,26,27,DEN,1
2025,13,2025-12-02,NYG,NE,149.27,0.7428,NE,0.7428,33,15,NE,1
2025,14,2025-12-05,DAL,DET,116.11,0.7047,DET,0.7047,44,30,DET,1
2025,14,2025-12-07,SEA,ATL,-216.34,0.2604,SEA,0.7396,9,37,SEA,1
2025,14,2025-12-07,PIT,BAL,113.66,0.7018,BAL,0.7018,22,27,PIT,0
2025,14,2025-12-07,TEN,CLE,100.89,0.6862,CLE,0.6862,29,31,TEN,0
2025,14,2025-12-07,IND,JAX,-63.28,0.4594,IND,0.5406,36,19,JAX,0
2025,14,2025-12-07,WAS,MIN,102.54,0.6882,MIN,0.6882,31,0,MIN,1
2025,14,2025-12-07,MIA,NYJ,-146.41,0.3449,MIA,0.6551,10,34,MIA,1
2025,14,2025-12-07,NO,TB,158.58,0.7529,TB,0.7529,20,24,NO,0
2025,14,2025-12-07,CIN,BUF,236.9,0.8271,BUF,0.8271,39,34,BUF,1
2025,14,2025-12-07,DEN,LV,-239.57,0.2355,DEN,0.7645,17,24,DEN,1
2025,14,2025-12-07,CHI,GB,225.55,0.8176,GB,0.8176,28,21,GB,1
2025,14,2025-12-07,LAR,ARI,-200.5,0.2783,LAR,0.7217,17,45,LAR,1
2025,14,2025-12-08,HOU,KC,223.27,0.8156,KC,0.8156,10,20,HOU,0
2025,14,2025-12-09,PHI,LAC,-127.11,0.3705,PHI,0.6295,22,19,LAC,0
2025,15,2025-12-12,ATL,TB,183.68,0.7788,TB,0.7788,28,29,ATL,0
2025,15,2025-12-14,CLE,CHI,67.03,0.6428,CHI,0.6428,31,3,CHI,1
2025,15,2025-12-14,BAL,CIN,-157.33,0.3309,BAL,0.6691,0,24,BAL,1
2025,15,2025-12-14,ARI,HOU,101.88,0.6874,HOU,0.6874,40,20,HOU,1
2025,15,2025-12-14,NYJ,JAX,113.22,0.7012,JAX,0.7012,48,20,JAX,1
2025,15,2025-12-14,LAC,KC,159.18,0.7536,KC,0.7536,13,16,LAC,0
2025,15,2025-12-14,BUF,NE,-251.53,0.2233,BUF,0.7767,31,35,BUF,1
2025,15,2025-12-14,WAS,NYG,-98.17,0.4101,WAS,0.5899,21,29,WAS,1
2025,15,2025-12-14,LV,PHI,327.76,0.8898,PHI,0.8898,31,0,PHI,1
2025,15,2025-12-14,GB,DEN,-102.15,0.4045,GB,0.5955,34,26,DEN,0
2025,15,2025-12-14,DET,LAR,-24.38,0.5153,LAR,0.5153,41,34,LAR,1
2025,15,2025-12-14,CAR,NO,98.82,0.6836,NO,0.6836,20,17,NO,1
2025,15,2025-12-14,IND,SEA,144.34,0.7374,SEA,0.7374,18,16,SEA,1
2025,15,2025-12-14,TEN,SF,304.65,0.876,SF,0.876,37,24,SF,1
2025,15,2025-12-15,MIN,DAL,-22.36,0.5182,DAL,0.5182,26,34,MIN,0
2025,15,2025-12-16,MIA,PIT,49.84,0.6197,PIT,0.6197,28,15,PIT,1
2025,16,2025-12-19,LAR,SEA,-9.76,0.5363,SEA,0.5363,38,37,SEA,1
2025,16,2025-12-20,PHI,WAS,-238.32,0.2368,PHI,0.7632,18,29,PHI,1
2025,16,2025-12-21,GB,CHI,-206.63,0.2713,GB,0.7287,22,16,CHI,0
2025,16,2025-12-21,TB,CAR,-238.74,0.2363,TB,0.7637,23,20,CAR,0
2025,16,2025-12-21,BUF,CLE,-367.73,0.1284,BUF,0.8716,20,23,BUF,1
2025,16,2025-12-21,LAC,DAL,-38.86,0.4945,LAC,0.5055,17,34,LAC,1
2025,16,2025-12-21,NYJ,NO,110.51,0.698,NO,0.698,29,6,NO,1
2025,16,2025-12-21,MIN,NYG,-242.27,0.2327,MIN,0.7673,13,16,MIN,1
2025,16,2025-12-21,KC,TEN,-406.1,0.1056,KC,0.8944,26,9,TEN,0
2025,16,2025-12-21,CIN,MIA,13.99,0.57,MIA,0.57,21,45,CIN,0
2025,16,2025-12-21,ATL,ARI,3.61,0.5553,ARI,0.5553,19,26,ATL,0
2025,16,2025-12-21,JAX,DEN,129.28,0.7202,DEN,0.7202,20,34,JAX,0
2025,16,2025-12-21,PIT,DET,81.48,0.6616,DET,0.6616,24,29,PIT,0
2025,16,2025-12-21,LV,HOU,190.79,0.7858,HOU,0.7858,23,21,HOU,1
2025,16,2025-12-22,NE,BAL,181.59,0.7767,BAL,0.7767,24,28,NE,0
2025,16,2025-12-23,SF,IND,-122.64,0.3765,SF,0.6235,27,48,SF,1
2025,17,2025-12-25,DAL,WAS,-78.98,0.437,DAL,0.563,23,30,DAL,1
2025,17,2025-12-25,DET,MIN,-79.15,0.4368,DET,0.5632,23,10,MIN,0
2025,17,2025-12-26,DEN,KC,105.18,0.6915,KC,0.6915,13,20,DEN,0
2025,17,2025-12-27,HOU,LAC,46.78,0.6156,LAC,0.6156,16,20,HOU,0
2025,17,2025-12-28,BAL,GB,6.63,0.5596,GB,0.5596,24,41,BAL,0
2025,17,2025-12-28,SEA,CAR,-294.23,0.1836,SEA,0.8164,10,27,SEA,1
2025,17,2025-12-28,ARI,CIN,113.2,0.7012,CIN,0.7012,37,14,CIN,1
2025,17,2025-12-28,PIT,CLE,-204.12,0.2742,PIT,0.7258,13,6,CLE,0
2025,17,2025-12-28,JAX,IND,-9.32,0.5369,IND,0.5369,17,23,JAX,0
2025,17,2025-12-28,TB,MIA,-84.74,0.4289,TB,0.5711,20,17,MIA,0
2025,17,2025-12-28,NE,NYJ,-174.74,0.3091,NE,0.6909,10,42,NE,1
2025,17,2025-12-28,NO,TEN,-132.46,0.3633,NO,0.6367,26,34,NO,1
2025,17,2025-12-28,NYG,LV,15.74,0.5725,LV,0.5725,10,34,NYG,0
2025,17,2025-12-28,PHI,BUF,69.93,0.6466,BUF,0.6466,12,13,PHI,0
2025,17,2025-12-29,CHI,SF,139.35,0.7318,SF,0.7318,42,38,SF,1
2025,17,2025-12-30,LAR,ATL,-229.14,0.2465,LAR,0.7535,27,24,ATL,0
2025,18,2026-01-03,CAR,TB,222.37,0.8148,TB,0.8148,16,14,TB,1
2025,18,2026-01-04,SEA,SF,-19.37,0.5225,SF,0.5225,3,13,SEA,0
2025,18,2026-01-04,NO,ATL,-38.97,0.4943,NO,0.5057,19,17,ATL,0
2025,18,2026-01-04,CLE,CIN,133.66,0.7253,CIN,0.7253,18,20,CLE,0
2025,18,2026-01-04,IND,HOU,69.74,0.6463,HOU,0.6463,38,30,HOU,1
2025,18,2026-01-04,TEN,JAX,178.25,0.7734,JAX,0.7734,41,7,JAX,1
2025,18,2026-01-04,GB,MIN,-73.75,0.4445,GB,0.5555,16,3,MIN,0
2025,18,2026-01-04,DAL,NYG,-175.69,0.3079,DAL,0.6921,34,17,NYG,0
2025,18,2026-01-04,NYJ,BUF,431.76,0.9362,BUF,0.9362,35,8,BUF,1
2025,18,2026-01-04,DET,CHI,-152.66,0.3369,DET,0.6631,16,19,DET,1
2025,18,2026-01-04,LAC,DEN,22.54,0.5821,DEN,0.5821,19,3,DEN,1
2025,18,2026-01-04,ARI,LAR,246.01,0.8345,LAR,0.8345,37,20,LAR,1
2025,18,2026-01-04,KC,LV,-361.06,0.1327,KC,0.8673,14,12,LV,0
2025,18,2026-01-04,MIA,NE,19.61,0.5779,NE,0.5779,38,10,NE,1
2025,18,2026-01-04,WAS,PHI,259.22,0.8447,PHI,0.8447,17,24,WAS,0
2025,18,2026-01-05,BAL,PIT,-108.23,0.3961,BAL,0.6039,26,24,PIT,0
